Unnamed: 0,SUBDIVISION,YEAR,JAN,FEB,MAR,APR,MAY,JUN,JUL,AUG,SEP,OCT,NOV,DEC,ANNUAL,JF,MAM,JJAS,OND
94,Andaman & Nicobar Islands,2000,53.0,59.0,171.3,218.1,422.8,357.0,176.3,460.8,250.1,321.2,158.3,115.2,2763.2,112.0,812.2,1244.2,594.7
95,Andaman & Nicobar Islands,2001,89.0,15.7,143.3,30.1,705.3,370.7,341.3,469.0,334.4,267.6,222.6,91.8,3080.9,104.7,878.7,1515.4,582.0
96,Andaman & Nicobar Islands,2002,10.6,0.0,11.5,100.2,366.7,358.3,317.4,429.8,420.0,169.0,306.7,129.9,2620.2,10.7,478.4,1525.6,605.5
97,Andaman & Nicobar Islands,2003,44.3,7.9,149.2,19.4,296.3,159.9,494.9,379.4,371.9,310.4,74.1,48.0,2355.9,52.2,465.0,1406.1,432.5
98,Andaman & Nicobar Islands,2004,54.5,35.9,36.5,41.6,505.1,423.9,378.9,308.7,280.7,223.9,169.9,0.4,2460.1,90.4,583.2,1392.2,394.2
99,Andaman & Nicobar Islands,2005,0.0,0.0,20.3,51.1,305.3,452.4,429.3,311.1,507.5,293.5,300.1,283.9,2954.7,0.0,376.8,1700.4,877.5
100,Andaman & Nicobar Islands,2006,16.3,14.4,48.9,163.7,321.4,366.0,182.7,219.6,546.5,374.7,76.1,74.4,2404.7,30.7,534.0,1314.9,525.2
101,Andaman & Nicobar Islands,2007,4.9,1.6,5.0,54.6,370.0,378.3,463.2,465.3,486.4,209.4,223.9,85.6,2748.0,6.5,429.6,1793.1,518.9
102,Andaman & Nicobar Islands,2008,9.9,67.7,115.8,216.1,545.5,457.8,511.2,482.1,332.0,243.7,321.1,72.0,3374.8,77.6,877.3,1783.1,636.8
103,Andaman & Nicobar Islands,2009,24.5,6.3,44.2,136.5,313.1,633.5,297.3,351.5,344.7,272.8,66.2,48.0,2538.6,30.8,493.7,1627.1,386.9
104,Andaman & Nicobar Islands,2010,101.7,8.0,0.7,12.5,319.0,448.9,521.9,563.8,263.3,402.4,268.5,246.4,3157.1,109.8,332.2,1797.8,917.3
105,Andaman & Nicobar Islands,2011,265.9,84.8,272.8,111.4,326.5,383.2,583.2,441.5,757.1,212.3,150.8,238.5,3828.0,350.7,710.7,2165.0,601.6
106,Andaman & Nicobar Islands,2012,119.9,45.6,30.9,55.8,533.9,458.2,317.3,369.6,868.9,209.7,300.5,187.3,3497.6,165.6,620.5,2014.0,697.5
107,Andaman & Nicobar Islands,2013,67.1,37.6,43.0,46.3,509.3,777.0,564.8,336.7,473.6,455.8,354.2,92.3,3757.8,104.7,598.6,2152.1,902.4
108,Andaman & Nicobar Islands,2014,41.9,8.6,0.0,11.1,238.0,416.6,467.6,321.6,412.9,402.6,201.2,100.4,2622.4,50.5,249.1,1618.7,704.2
109,Andaman & Nicobar Islands,2015,126.8,7.6,3.1,138.2,331.9,346.4,328.9,480.0,523.3,252.1,236.3,129.9,2904.6,134.4,473.2,1678.6,618.4
110,Andaman & Nicobar Islands,2016,72.0,15.8,5.4,2.4,191.1,429.4,301.2,227.7,604.3,287.2,181.7,533.7,2851.9,87.8,198.9,1562.6,1002.6
111,Andaman & Nicobar Islands,2017,228.7,5.6,33.0,108.3,275.8,349.1,389.4,414.7,372.8,263.0,205.9,243.7,2890.0,234.2,417.1,1526.0,712.6
193,Arunachal Pradesh,2000,54.1,47.1,139.9,293.8,267.2,459.8,395.4,387.4,407.4,81.3,53.9,9.6,2596.8,101.2,700.8,1650.0,144.8
194,Arunachal Pradesh,2001,53.1,66.6,134.9,229.9,195.6,277.2,302.6,279.9,288.1,173.8,19.3,14.9,2036.0,119.7,560.5,1147.8,208.0
195,Arunachal Pradesh,2002,74.2,37.2,126.3,248.2,197.1,396.8,604.0,290.7,257.9,94.0,45.0,17.9,2389.2,111.4,571.6,1549.4,156.9
196,Arunachal Pradesh,2003,22.9,83.2,109.6,182.0,173.5,424.3,645.3,327.2,259.9,182.6,25.0,16.2,2451.8,106.1,465.2,1656.6,223.9
197,Arunachal Pradesh,2004,38.0,39.1,175.5,210.2,298.7,402.9,654.3,243.0,278.5,184.8,5.6,15.2,2545.7,77.1,684.3,1578.7,205.6
198,Arunachal Pradesh,2005,48.4,167.6,229.5,195.3,179.8,269.3,430.8,400.0,243.6,139.3,28.6,3.3,2335.5,216.0,604.6,1343.7,171.2
199,Arunachal Pradesh,2006,6.0,103.7,63.3,202.7,321.7,520.4,382.2,227.6,263.2,77.2,69.7,21.7,2259.6,109.7,587.7,1393.5,168.7
200,Arunachal Pradesh,2007,13.4,97.4,48.1,292.4,250.4,530.2,761.0,364.6,529.3,102.6,24.3,6.9,3020.7,110.8,590.9,2185.1,133.9
201,Arunachal Pradesh,2008,76.7,39.7,122.6,192.4,185.0,423.6,456.1,439.3,189.7,115.1,1.7,2.6,2244.4,116.4,499.9,1508.7,119.4
202,Arunachal Pradesh,2009,18.0,92.8,72.1,132.7,189.9,259.1,329.9,370.3,152.5,82.9,33.9,15.9,1749.9,110.8,394.7,1111.8,132.7
203,Arunachal Pradesh,2010,0.6,13.2,237.8,466.9,312.7,509.9,378.0,321.5,444.2,97.7,58.9,14.2,2855.7,13.9,1017.5,1653.6,170.9
204,Arunachal Pradesh,2011,40.0,51.3,174.5,240.8,219.6,288.4,531.4,277.6,286.7,51.9,16.2,15.2,2193.7,91.4,634.9,1384.2,83.3
205,Arunachal Pradesh,2012,57.8,35.8,134.2,403.4,187.4,645.8,638.9,316.0,724.9,248.1,22.0,26.2,3440.3,93.6,724.9,2325.6,296.3
206,Arunachal Pradesh,2013,18.5,40.5,115.1,175.1,335.8,290.0,329.6,230.2,316.1,164.1,13.3,14.6,2042.9,59.0,626.0,1165.9,192.0
207,Arunachal Pradesh,2014,19.0,101.9,80.3,86.7,299.0,415.8,392.4,599.6,343.0,35.1,20.1,10.2,2403.2,120.9,466.0,1750.8,65.4
208,Arunachal Pradesh,2015,30.8,47.5,97.5,287.1,238.9,637.9,329.3,595.5,374.2,65.2,33.8,29.8,2767.5,78.3,623.5,1936.9,128.8
209,Arunachal Pradesh,2016,29.4,73.2,128.4,333.1,278.9,379.4,620.1,145.7,532.9,172.7,8.4,4.6,2706.9,102.6,740.4,1678.2,185.7
210,Arunachal Pradesh,2017,8.2,86.2,221.8,348.2,257.1,370.8,437.8,456.4,318.6,227.1,9.9,3.4,2745.3,94.4,827.0,1583.5,240.3
310,Assam & Meghalaya,2000,20.5,13.7,65.9,238.5,375.1,540.2,313.3,513.2,299.9,83.9,22.2,0.4,2487.0,34.2,679.5,1666.6,106.6
311,Assam & Meghalaya,2001,5.5,39.7,30.9,198.6,266.4,399.8,451.1,295.6,266.8,201.4,20.5,2.3,2178.4,45.2,495.8,1413.2,224.2
312,Assam & Meghalaya,2002,20.2,5.7,83.3,279.9,286.9,502.5,565.1,312.5,209.7,49.5,69.4,7.9,2392.7,25.9,650.2,1589.8,126.8
313,Assam & Meghalaya,2003,9.5,41.5,96.9,213.8,235.8,551.4,481.2,290.7,250.0,231.8,13.0,18.6,2434.1,51.0,546.5,1573.3,263.4
314,Assam & Meghalaya,2004,15.3,19.5,72.8,340.8,342.2,397.9,848.4,286.2,317.2,340.8,6.5,6.6,2994.3,34.8,755.9,1849.7,353.9
315,Assam & Meghalaya,2005,22.8,30.5,172.2,207.5,281.2,373.9,474.5,501.9,174.9,218.6,8.9,1.3,2468.3,53.3,660.9,1525.2,228.9
316,Assam & Meghalaya,2006,0.7,40.9,20.8,169.0,325.7,395.9,350.3,209.7,252.3,97.6,25.1,10.7,1898.6,41.5,515.5,1208.1,133.5
317,Assam & Meghalaya,2007,1.5,73.7,23.5,242.7,219.8,489.7,682.7,308.0,494.7,164.7,47.7,4.0,2752.8,75.2,486.1,1975.1,216.4
318,Assam & Meghalaya,2008,29.7,14.5,107.5,156.2,210.6,414.6,493.2,508.6,267.5,133.4,2.2,1.6,2339.7,44.2,474.4,1683.9,137.2
319,Assam & Meghalaya,2009,7.9,11.6,44.9,134.9,246.5,321.1,426.3,533.8,192.3,135.9,9.0,4.0,2068.2,19.5,426.2,1473.5,149.0
320,Assam & Meghalaya,2010,0.5,3.1,99.6,389.3,393.4,569.7,415.1,387.0,318.3,116.2,11.6,7.6,2711.5,3.7,882.3,1690.2,135.3
321,Assam & Meghalaya,2011,11.1,11.4,109.0,92.1,238.3,316.0,395.8,302.6,221.6,30.2,11.9,3.5,1743.4,22.5,439.4,1236.0,45.6
322,Assam & Meghalaya,2012,15.2,6.9,28.8,279.1,185.8,729.7,444.3,289.2,411.6,199.4,17.1,2.3,2609.4,22.1,493.7,1874.8,218.8
323,Assam & Meghalaya,2013,1.1,9.6,44.0,112.8,346.7,286.2,367.8,289.7,229.3,126.3,1.0,2.0,1816.4,10.7,503.5,1172.9,129.3
324,Assam & Meghalaya,2014,2.0,28.3,29.3,51.5,351.1,426.4,374.4,484.6,420.2,35.0,3.0,0.4,2206.1,30.3,431.9,1705.5,38.5
325,Assam & Meghalaya,2015,13.4,15.5,37.5,250.9,332.5,558.5,300.1,590.9,279.9,62.6,14.0,15.2,2470.9,28.9,620.9,1729.3,91.8
326,Assam & Meghalaya,2016,18.9,15.9,64.1,327.8,334.0,369.0,498.4,185.3,271.2,136.5,38.2,7.4,2266.9,34.8,726.0,1323.9,182.1
327,Assam & Meghalaya,2017,1.7,37.8,116.7,310.9,268.4,485.2,429.0,483.1,345.4,212.1,10.3,11.0,2711.7,39.5,695.9,1742.7,233.5
427,Naga Mani Mizo Tripura,2000,22.5,26.1,129.1,214.2,403.6,325.4,269.2,465.0,298.3,185.2,24.2,1.1,2363.9,48.6,746.9,1357.9,210.4
428,Naga Mani Mizo Tripura,2001,1.5,46.9,38.8,83.6,313.8,478.0,322.6,263.0,269.0,266.4,65.4,0.2,2149.0,48.4,436.1,1332.6,332.0
429,Naga Mani Mizo Tripura,2002,18.6,3.9,62.7,143.8,438.7,351.6,462.2,358.4,225.7,98.9,71.9,6.0,2242.3,22.5,645.1,1397.8,176.9
430,Naga Mani Mizo Tripura,2003,3.8,11.5,78.0,158.9,265.6,590.9,262.4,281.7,288.4,175.1,5.1,40.9,2162.2,15.3,502.4,1423.4,221.1
431,Naga Mani Mizo Tripura,2004,4.8,2.7,11.0,341.5,211.0,449.2,558.6,284.3,351.0,132.7,6.4,0.5,2353.7,7.4,563.5,1643.2,139.6
432,Naga Mani Mizo Tripura,2005,6.4,15.0,118.6,98.1,237.0,212.3,301.5,334.8,292.6,194.3,15.6,10.5,1836.7,21.4,453.7,1141.1,220.4
433,Naga Mani Mizo Tripura,2006,0.6,12.4,5.5,111.1,382.2,445.6,335.0,241.6,231.1,90.4,13.0,3.7,1872.0,12.9,498.8,1253.2,107.1
434,Naga Mani Mizo Tripura,2007,7.9,54.7,28.7,220.4,276.7,446.3,430.0,373.8,426.6,180.5,82.6,10.1,2538.2,62.6,525.8,1676.6,273.2
435,Naga Mani Mizo Tripura,2008,30.7,13.8,49.6,54.9,200.8,327.4,333.3,358.6,223.7,150.2,4.7,1.2,1748.9,44.4,305.3,1243.0,156.1
436,Naga Mani Mizo Tripura,2009,0.0,3.2,27.5,93.1,209.5,271.9,295.8,380.9,271.3,158.2,26.1,0.2,1737.7,3.2,330.1,1219.9,184.5
437,Naga Mani Mizo Tripura,2010,1.0,7.9,85.8,161.5,294.0,411.6,367.5,393.2,309.8,220.2,9.2,33.5,2295.2,8.9,541.4,1482.0,262.9
438,Naga Mani Mizo Tripura,2011,12.6,3.6,51.4,81.1,334.9,374.2,313.3,367.6,258.3,92.6,2.4,0.2,1892.1,16.1,467.4,1313.4,95.2
439,Naga Mani Mizo Tripura,2012,24.5,10.2,20.3,243.5,163.5,396.2,280.1,342.7,248.7,160.9,32.0,0.4,1922.9,34.7,427.3,1267.6,193.3
440,Naga Mani Mizo Tripura,2013,0.2,5.7,19.7,60.3,348.9,206.6,255.9,291.3,241.4,125.6,0.3,1.2,1557.2,5.9,428.9,995.2,127.1
441,Naga Mani Mizo Tripura,2014,1.2,21.0,25.4,49.6,192.5,268.3,295.7,372.3,300.9,69.6,3.3,0.1,1599.9,22.2,267.5,1237.2,73.0
442,Naga Mani Mizo Tripura,2015,14.4,14.2,21.6,253.5,198.3,283.9,413.6,334.2,255.9,118.7,3.9,10.0,1922.4,28.7,473.4,1287.7,132.6
443,Naga Mani Mizo Tripura,2016,8.5,33.5,57.6,135.4,285.7,287.8,326.2,319.0,296.0,114.7,90.3,1.7,1956.4,42.0,478.7,1229.0,206.7
444,Naga Mani Mizo Tripura,2017,0.8,11.9,125.3,277.6,196.7,502.7,431.5,543.3,352.2,287.6,7.6,68.1,2805.4,12.7,599.7,1829.8,363.3
544,Sub Himalayan West Bengal & Sikkim,2000,10.7,36.2,55.1,185.1,326.5,649.6,574.3,498.1,465.8,82.9,22.6,1.2,2908.0,46.9,566.6,2187.8,106.7
545,Sub Himalayan West Bengal & Sikkim,2001,4.0,20.5,50.2,134.8,347.2,472.2,399.0,424.5,434.9,282.8,36.6,5.9,2612.6,24.5,532.2,1730.5,325.4
546,Sub Himalayan West Bengal & Sikkim,2002,30.1,10.0,95.6,237.1,181.7,407.2,743.3,406.6,340.1,75.7,8.7,10.8,2547.0,40.1,514.4,1897.2,95.2
547,Sub Himalayan West Bengal & Sikkim,2003,17.0,79.2,90.1,171.4,211.7,516.6,703.0,354.0,321.4,223.0,16.4,19.2,2723.3,96.3,473.3,1895.1,258.7
548,Sub Himalayan West Bengal & Sikkim,2004,19.9,11.5,40.5,163.5,287.5,489.5,739.5,356.4,394.7,198.4,9.0,4.4,2714.7,31.4,491.5,1980.1,211.8
549,Sub Himalayan West Bengal & Sikkim,2005,19.5,21.0,132.1,155.5,254.0,446.5,704.3,564.5,229.9,271.1,8.8,0.5,2807.7,40.6,541.6,1945.1,280.4
550,Sub Himalayan West Bengal & Sikkim,2006,0.7,17.0,39.8,119.3,270.5,446.2,470.2,295.0,456.8,118.4,20.3,7.9,2262.1,17.7,429.6,1668.2,146.6
551,Sub Himalayan West Bengal & Sikkim,2007,3.1,81.1,46.6,160.1,215.1,485.1,686.3,412.4,458.6,79.5,8.8,2.0,2638.9,84.2,421.7,2042.5,90.3
552,Sub Himalayan West Bengal & Sikkim,2008,33.2,22.1,79.8,141.8,171.4,526.5,657.7,636.3,296.7,97.9,16.9,9.5,2689.9,55.3,393.0,2117.3,124.3
553,Sub Himalayan West Bengal & Sikkim,2009,6.0,40.3,55.0,115.2,308.7,350.6,456.1,568.4,174.6,235.1,9.1,5.6,2324.6,46.3,478.9,1549.6,249.8
554,Sub Himalayan West Bengal & Sikkim,2010,5.6,19.6,77.6,176.6,335.9,558.1,593.4,461.3,308.1,66.2,7.9,2.2,2612.3,25.2,590.0,1920.8,76.3
555,Sub Himalayan West Bengal & Sikkim,2011,8.5,19.9,71.2,135.0,247.8,419.8,612.3,470.3,356.3,46.7,26.7,4.3,2418.7,28.4,453.9,1858.6,77.7
556,Sub Himalayan West Bengal & Sikkim,2012,15.3,13.9,45.5,159.8,202.4,604.2,684.5,332.7,434.7,119.4,12.5,7.4,2632.2,29.2,407.7,2056.0,139.3
557,Sub Himalayan West Bengal & Sikkim,2013,3.0,23.6,32.1,114.7,296.5,404.9,588.4,416.3,308.0,199.8,16.1,2.7,2406.1,26.7,443.4,1717.6,218.5
558,Sub Himalayan West Bengal & Sikkim,2014,0.2,26.6,37.7,47.9,308.6,543.2,384.6,563.3,371.5,31.2,5.3,2.4,2322.6,26.9,394.2,1862.6,38.9
559,Sub Himalayan West Bengal & Sikkim,2015,15.7,15.0,64.8,149.0,304.6,508.2,393.3,626.6,354.9,53.6,23.8,9.0,2518.6,30.7,518.5,1883.0,86.4
560,Sub Himalayan West Bengal & Sikkim,2016,20.7,7.1,98.9,101.4,233.7,570.8,732.1,209.9,494.3,155.6,0.0,0.3,2624.8,27.9,434.0,2007.1,155.8
561,Sub Himalayan West Bengal & Sikkim,2017,3.0,5.1,84.6,146.8,226.8,400.6,478.6,777.9,390.1,166.5,3.8,1.0,2684.9,8.1,458.2,2047.3,171.3
661,Gangetic West Bengal,2000,9.5,57.9,3.8,54.0,215.0,205.6,341.5,178.4,428.4,76.2,1.6,0.1,1572.1,67.4,272.8,1153.9,77.9
662,Gangetic West Bengal,2001,0.3,1.9,32.8,49.4,175.8,384.2,269.3,248.7,205.9,163.6,8.8,0.0,1540.6,2.2,258.0,1108.0,172.4
663,Gangetic West Bengal,2002,26.3,1.5,26.6,77.4,114.1,347.7,281.6,289.3,326.4,71.5,50.9,0.1,1613.3,27.8,218.1,1244.9,122.5
664,Gangetic West Bengal,2003,0.5,11.7,70.0,36.3,81.9,280.5,253.4,239.3,155.0,341.5,8.9,17.7,1496.7,12.2,188.2,928.2,368.1
665,Gangetic West Bengal,2004,3.3,1.6,14.9,62.8,72.9,287.5,250.7,389.9,264.3,220.7,0.0,0.8,1569.4,4.9,150.7,1192.3,221.5
666,Gangetic West Bengal,2005,26.8,11.8,82.8,41.8,82.4,200.1,354.5,226.7,221.3,351.7,0.0,4.9,1604.9,38.6,207.0,1002.6,356.6
667,Gangetic West Bengal,2006,0.8,3.0,10.6,60.5,120.8,221.0,486.6,320.3,380.9,49.7,5.9,0.3,1660.5,3.9,191.9,1408.8,55.9
668,Gangetic West Bengal,2007,3.9,56.2,39.3,38.7,98.7,226.3,610.1,328.0,459.9,55.8,24.6,0.0,1941.4,60.1,176.7,1624.2,80.4
669,Gangetic West Bengal,2008,49.4,12.4,11.5,42.8,94.4,414.5,338.4,252.2,267.3,72.3,0.0,0.2,1555.2,61.8,148.8,1272.3,72.4
670,Gangetic West Bengal,2009,2.4,1.4,17.9,2.6,229.0,69.7,277.6,332.7,294.6,77.3,9.4,0.3,1315.0,3.8,249.5,974.6,87.1
671,Gangetic West Bengal,2010,0.2,10.3,8.0,15.9,127.5,189.3,196.3,192.6,192.6,96.2,6.3,29.7,1064.8,10.5,151.3,770.7,132.2
672,Gangetic West Bengal,2011,2.5,2.7,40.5,75.0,132.6,434.5,219.9,443.2,295.9,36.9,1.3,1.4,1686.5,5.2,248.1,1393.6,39.6
673,Gangetic West Bengal,2012,40.7,15.3,4.4,57.7,44.2,146.6,315.0,261.4,246.9,64.2,47.0,24.6,1268.0,56.0,106.3,969.9,135.8
674,Gangetic West Bengal,2013,2.5,10.0,4.8,45.6,195.9,233.4,263.2,401.4,254.0,353.2,0.0,0.0,1764.1,12.5,246.3,1152.0,353.3
675,Gangetic West Bengal,2014,0.9,42.2,19.9,1.9,124.4,193.6,298.7,292.6,229.5,56.9,0.1,0.6,1261.4,43.1,146.2,1014.4,57.7
676,Gangetic West Bengal,2015,12.9,5.5,19.3,88.7,57.6,247.2,633.1,260.6,164.0,32.7,2.3,6.3,1530.3,18.4,165.6,1304.9,41.3
677,Gangetic West Bengal,2016,9.9,37.9,14.7,5.8,111.9,172.7,334.7,416.7,233.7,69.8,19.2,0.0,1427.0,47.8,132.4,1157.8,89.0
678,Gangetic West Bengal,2017,1.4,0.0,35.2,25.8,106.3,193.7,489.3,264.5,191.4,225.2,21.9,14.0,1568.6,1.4,167.3,1138.9,261.1
778,Orissa,2000,0.9,33.3,1.1,21.3,74.7,233.7,272.3,273.6,158.0,26.6,1.6,0.1,1097.2,34.2,97.0,937.6,28.3
779,Orissa,2001,0.4,1.4,32.3,28.7,71.0,336.1,584.2,380.9,132.0,86.8,18.7,0.0,1672.5,1.8,132.0,1433.2,105.6
780,Orissa,2002,11.7,0.2,13.1,25.1,67.5,182.4,170.2,371.2,206.5,47.1,7.8,0.0,1102.8,11.9,105.7,930.2,54.9
781,Orissa,2003,0.1,16.2,21.6,24.7,22.6,178.9,367.5,425.1,264.3,287.4,11.0,28.8,1648.2,16.3,68.9,1235.7,327.3
782,Orissa,2004,6.8,8.0,6.4,49.2,29.7,216.4,328.0,346.4,148.1,149.6,1.8,0.0,1290.4,14.8,85.3,1038.9,151.4
783,Orissa,2005,29.4,4.0,24.3,20.9,44.9,199.4,410.3,201.0,342.8,206.9,12.4,7.1,1503.4,33.4,90.1,1153.5,226.4
784,Orissa,2006,0.2,0.0,29.9,25.0,105.6,175.2,454.0,624.9,254.7,26.4,21.0,0.0,1716.9,0.2,160.5,1508.8,47.4
785,Orissa,2007,0.7,32.5,8.0,21.0,62.8,321.0,285.1,420.6,401.7,66.4,14.0,0.0,1633.8,33.2,91.8,1428.4,80.4
786,Orissa,2008,27.5,10.4,17.5,28.2,37.4,343.5,306.4,388.3,355.0,22.1,2.7,0.0,1538.9,37.9,83.1,1393.2,24.8
787,Orissa,2009,1.9,0.5,2.7,1.1,68.2,87.3,586.0,286.9,162.5,105.8,27.3,0.1,1330.3,2.4,72.0,1122.7,133.2
788,Orissa,2010,8.8,1.2,5.6,7.8,93.0,146.4,304.9,282.7,236.0,133.0,35.6,37.2,1291.9,9.9,106.4,969.9,205.7
789,Orissa,2011,3.7,16.2,4.9,58.2,75.6,210.1,199.6,358.6,398.7,20.2,0.1,0.4,1346.2,19.8,138.7,1167.0,20.7
790,Orissa,2012,50.8,3.6,0.9,34.8,21.3,169.6,324.3,417.0,242.4,66.0,72.1,3.1,1405.9,54.4,57.0,1153.3,141.3
791,Orissa,2013,3.3,7.8,2.1,53.6,57.7,272.6,380.0,254.9,208.1,391.0,1.2,0.0,1632.4,11.2,113.4,1115.6,392.2
792,Orissa,2014,0.0,17.6,25.1,11.7,111.9,92.2,496.2,386.3,281.1,111.8,2.2,0.9,1536.9,17.7,148.7,1255.7,114.8
793,Orissa,2015,15.1,3.3,10.5,67.6,32.6,238.6,294.8,264.0,237.0,24.7,6.2,15.6,1210.1,18.4,110.7,1034.5,46.5
794,Orissa,2016,2.2,16.7,15.2,8.6,74.9,164.2,280.3,320.8,266.2,93.5,10.4,0.5,1253.5,18.9,98.7,1031.5,104.4
795,Orissa,2017,1.7,0.0,29.8,8.7,55.2,209.5,349.7,301.7,192.2,161.1,30.0,4.8,1344.5,1.7,93.8,1053.1,195.9
895,Jharkhand,2000,3.6,21.2,6.3,19.6,67.7,185.3,358.4,152.8,356.9,19.1,0.4,0.2,1191.5,24.7,93.6,1053.4,19.7
896,Jharkhand,2001,1.9,4.0,30.0,14.0,57.4,324.7,354.6,219.4,132.8,115.5,0.2,0.0,1254.4,5.8,101.4,1031.5,115.7
897,Jharkhand,2002,9.0,5.4,10.7,11.5,38.7,184.9,186.8,277.4,253.4,55.0,1.3,0.8,1034.9,14.4,60.9,902.5,57.1
898,Jharkhand,2003,3.3,30.5,33.6,17.9,21.5,152.4,247.5,245.1,224.0,255.5,6.2,7.4,1245.0,33.9,73.1,869.0,269.1
899,Jharkhand,2004,5.5,2.7,3.1,41.0,31.1,184.4,200.7,327.0,211.5,128.1,0.1,1.6,1136.6,8.2,75.2,923.5,129.7
900,Jharkhand,2005,22.1,17.5,17.7,9.6,23.5,157.2,266.4,214.5,141.5,83.1,1.3,6.1,960.4,39.6,50.7,779.5,90.5
901,Jharkhand,2006,0.3,0.2,22.4,15.7,107.4,198.3,447.1,337.2,298.7,24.6,7.4,0.0,1459.5,0.5,145.5,1281.4,32.0
902,Jharkhand,2007,1.7,48.4,25.5,22.3,58.1,125.4,430.4,353.6,324.7,39.6,7.6,0.0,1437.3,50.1,105.8,1234.1,47.2
903,Jharkhand,2008,19.4,3.6,6.2,10.7,42.9,366.3,377.9,310.5,152.9,34.0,1.0,0.0,1325.3,22.9,59.7,1207.7,35.0
904,Jharkhand,2009,1.8,0.8,2.0,0.8,78.1,62.7,266.6,248.0,248.8,82.2,4.0,0.5,996.1,2.6,80.8,826.1,86.6
905,Jharkhand,2010,0.2,2.3,0.9,6.3,29.2,92.6,170.2,155.1,160.5,55.1,4.7,20.0,697.1,2.5,36.4,578.4,79.8
906,Jharkhand,2011,3.3,2.5,6.4,25.4,55.0,349.0,181.8,403.2,324.6,23.3,0.0,0.1,1374.7,5.8,86.8,1258.7,23.4
907,Jharkhand,2012,34.6,10.3,1.5,9.6,6.6,121.1,287.2,282.4,217.6,37.8,48.6,7.6,1065.0,45.0,17.7,908.3,94.0
908,Jharkhand,2013,1.1,17.9,1.6,22.3,85.0,181.5,211.1,278.1,173.8,281.1,0.0,0.0,1253.6,19.0,109.0,844.5,281.1
909,Jharkhand,2014,9.9,47.5,22.9,1.9,98.2,139.7,321.3,290.9,178.2,44.9,0.0,1.2,1156.6,57.4,123.1,930.1,46.1
910,Jharkhand,2015,12.2,2.6,21.6,55.5,25.5,183.3,429.7,240.7,85.1,22.7,0.2,2.7,1081.8,14.8,102.6,938.8,25.6
911,Jharkhand,2016,12.6,7.6,17.5,1.0,72.8,122.9,301.0,395.6,287.5,45.6,0.0,0.0,1264.0,20.2,91.3,1107.0,45.6
912,Jharkhand,2017,5.1,0.1,4.5,6.1,55.9,116.0,492.1,246.0,134.0,103.4,2.3,0.2,1165.8,5.2,66.6,988.2,105.9
1012,Bihar,2000,0.5,12.1,3.6,37.2,96.2,267.2,264.3,201.4,314.8,9.6,0.0,0.1,1207.0,12.7,137.0,1047.7,9.7
1013,Bihar,2001,1.0,0.5,3.0,12.6,98.4,224.4,224.7,225.9,274.8,181.3,0.5,0.0,1247.0,1.5,114.0,949.8,181.8
1014,Bihar,2002,13.4,11.3,2.2,25.0,74.8,116.6,386.1,247.7,192.8,33.8,1.4,0.7,1105.8,24.6,102.1,943.2,35.8
1015,Bihar,2003,13.2,39.7,10.2,21.9,41.4,230.9,356.8,310.6,183.9,142.0,0.2,3.0,1353.9,52.9,73.5,1082.3,145.2
1016,Bihar,2004,22.7,2.1,2.2,32.0,72.7,246.8,418.4,175.9,115.3,56.4,3.1,0.0,1147.8,24.8,107.0,956.4,59.5
1017,Bihar,2005,13.9,14.3,12.1,7.7,28.6,82.5,300.0,309.1,105.1,34.3,0.0,0.2,907.8,28.2,48.5,796.7,34.5
1018,Bihar,2006,0.1,0.0,1.9,19.2,73.2,200.0,290.7,160.4,285.2,17.6,2.9,1.6,1052.8,0.1,94.3,936.3,22.1
1019,Bihar,2007,0.2,34.2,25.4,20.3,94.4,170.4,549.4,340.6,309.0,39.6,9.1,7.5,1600.2,34.3,140.2,1369.4,56.2
1020,Bihar,2008,25.6,4.4,3.2,10.4,48.9,291.2,397.2,278.1,117.1,21.4,0.1,0.0,1197.7,30.0,62.6,1083.5,21.6
1021,Bihar,2009,0.3,0.4,1.1,2.9,98.5,67.7,213.6,298.9,127.6,72.6,5.1,0.8,889.3,0.7,102.5,707.7,78.4
1022,Bihar,2010,0.1,1.1,0.2,6.5,44.4,80.9,191.2,158.4,105.7,33.6,5.0,2.1,629.2,1.3,51.1,536.2,40.7
1023,Bihar,2011,4.2,7.7,9.2,23.9,74.5,211.0,241.1,278.7,234.1,10.0,2.0,0.9,1097.1,11.8,107.6,964.8,12.9
1024,Bihar,2012,18.1,2.7,7.3,20.4,18.8,96.2,354.0,240.4,233.8,34.3,6.4,0.0,1032.4,20.9,46.5,924.4,40.6
1025,Bihar,2013,5.1,22.6,0.6,32.3,89.5,183.3,182.0,213.6,143.3,197.1,0.4,0.0,1069.9,27.7,122.4,722.2,197.5
1026,Bihar,2014,17.0,33.5,8.4,0.7,103.9,115.2,265.4,307.6,160.3,47.8,0.0,1.2,1061.0,50.5,112.9,848.6,49.0
1027,Bihar,2015,12.8,1.8,27.2,38.7,39.5,122.1,231.5,287.0,101.7,10.4,0.0,0.0,872.7,14.6,105.5,742.3,10.4
1028,Bihar,2016,9.3,0.6,5.6,3.9,84.0,128.7,356.4,150.8,357.9,60.8,0.0,0.0,1158.0,9.9,93.5,993.9,60.8
1029,Bihar,2017,0.7,0.0,22.8,21.8,79.7,84.6,379.9,342.8,129.6,50.1,0.0,0.0,1112.0,0.7,124.3,936.8,50.2
1129,East Uttar Pradesh,2000,2.6,5.3,2.9,10.5,38.6,199.1,240.9,204.7,222.7,1.3,18.1,0.2,946.8,7.9,52.0,867.4,19.5
1130,East Uttar Pradesh,2001,1.1,1.4,1.3,4.2,26.7,229.0,294.0,185.9,152.1,75.3,2.8,0.0,973.8,2.6,32.2,860.9,78.1
1131,East Uttar Pradesh,2002,15.0,26.1,0.6,2.5,29.2,50.6,101.7,212.1,226.7,20.6,1.4,2.7,689.1,41.1,32.2,591.1,24.7
1132,East Uttar Pradesh,2003,13.8,36.9,2.6,8.8,2.0,124.9,255.2,301.4,333.8,7.6,0.0,9.3,1096.4,50.7,13.4,1015.3,16.9
1133,East Uttar Pradesh,2004,22.8,1.8,0.0,8.7,25.8,161.0,219.5,147.6,126.5,33.0,0.1,0.1,746.9,24.6,34.5,654.6,33.2
1134,East Uttar Pradesh,2005,14.0,14.0,10.3,0.9,8.0,57.5,290.3,227.3,119.7,25.2,0.0,2.9,770.3,28.0,19.2,694.8,28.2
1135,East Uttar Pradesh,2006,0.0,0.0,10.7,7.8,27.1,107.4,269.1,146.7,51.5,9.1,1.2,1.5,632.1,0.0,45.6,574.8,11.8
1136,East Uttar Pradesh,2007,0.1,46.6,25.8,3.2,28.3,64.5,265.2,180.4,111.5,14.6,0.0,1.1,741.2,46.7,57.2,621.6,15.7
1137,East Uttar Pradesh,2008,3.1,2.4,0.2,3.0,16.1,223.7,341.6,239.6,112.7,10.3,0.6,0.0,953.4,5.5,19.3,917.6,10.9
1138,East Uttar Pradesh,2009,0.0,1.1,0.8,0.6,22.8,29.9,149.4,177.0,139.6,80.9,4.9,3.0,610.2,1.1,24.2,496.0,88.9
1139,East Uttar Pradesh,2010,2.2,10.0,0.0,0.0,14.7,23.9,220.8,215.9,184.5,15.5,4.5,0.1,692.2,12.2,14.7,645.2,20.1
1140,East Uttar Pradesh,2011,1.0,2.7,1.6,2.9,32.2,163.8,197.9,232.1,146.4,0.6,0.0,0.0,781.2,3.7,36.7,740.2,0.6
1141,East Uttar Pradesh,2012,20.3,1.2,3.4,2.8,0.2,18.5,234.2,156.0,164.4,0.7,0.3,0.7,602.7,21.5,6.4,573.1,1.8
1142,East Uttar Pradesh,2013,6.1,59.6,2.7,8.7,1.1,309.7,230.0,246.1,78.2,97.4,0.5,1.1,1041.4,65.8,12.6,864.0,99.0
1143,East Uttar Pradesh,2014,47.4,25.8,15.4,1.7,10.7,47.8,224.5,138.1,106.7,74.7,0.0,8.4,701.2,73.3,27.7,517.1,83.1
1144,East Uttar Pradesh,2015,30.0,4.1,48.2,23.2,8.6,95.3,179.0,175.8,21.9,11.8,0.5,4.9,603.3,34.1,80.0,472.0,17.2
1145,East Uttar Pradesh,2016,5.3,1.3,9.5,0.0,39.3,77.1,338.1,224.4,150.7,25.9,0.0,0.0,871.7,6.6,48.8,790.3,25.9
1146,East Uttar Pradesh,2017,9.7,0.1,4.3,2.0,25.8,50.8,328.9,185.1,85.2,3.0,0.0,0.0,695.0,9.8,32.2,650.0,3.0
1246,West Uttar Pradesh,2000,8.8,22.9,1.7,2.1,23.6,143.0,251.2,238.9,79.1,0.0,0.0,0.0,771.4,31.7,27.4,712.2,0.1
1247,West Uttar Pradesh,2001,2.5,2.3,2.6,12.0,29.6,164.4,282.0,122.1,26.7,16.3,1.1,0.1,661.7,4.8,44.2,595.2,17.6
1248,West Uttar Pradesh,2002,16.8,37.6,2.0,0.7,21.5,29.0,29.6,252.3,218.1,6.7,0.4,10.5,625.2,54.5,24.2,529.0,17.6
1249,West Uttar Pradesh,2003,18.6,40.4,2.5,4.4,5.9,74.1,315.6,214.2,356.6,0.7,0.8,13.6,1047.5,59.0,12.9,960.5,15.1
1250,West Uttar Pradesh,2004,20.6,0.7,0.0,20.0,21.7,59.3,124.2,250.5,84.0,60.5,0.7,0.2,642.3,21.3,41.7,517.9,61.4
1251,West Uttar Pradesh,2005,10.1,17.9,22.6,1.2,6.9,67.1,298.2,96.0,202.5,2.5,0.0,0.6,725.7,28.0,30.7,663.9,3.1
1252,West Uttar Pradesh,2006,0.5,0.0,20.2,4.0,34.1,66.6,241.6,78.1,65.7,16.7,0.7,1.0,529.3,0.5,58.3,452.0,18.4
1253,West Uttar Pradesh,2007,0.4,66.9,37.4,0.9,11.0,88.4,155.1,152.2,57.0,1.8,0.0,1.4,572.5,67.3,49.3,452.7,3.2
1254,West Uttar Pradesh,2008,0.9,0.2,0.0,4.0,24.8,193.8,258.5,217.4,90.9,5.1,4.0,0.0,799.8,1.2,28.8,760.7,9.1
1255,West Uttar Pradesh,2009,1.3,3.9,1.2,8.7,12.8,17.1,118.3,184.5,125.4,59.3,13.9,2.8,549.2,5.2,22.7,445.3,76.0
1256,West Uttar Pradesh,2010,3.2,13.7,0.2,0.4,9.3,12.5,282.0,213.8,263.9,4.7,12.8,4.1,820.7,16.8,10.0,772.3,21.6
1257,West Uttar Pradesh,2011,2.1,10.4,3.9,2.8,29.6,175.9,215.9,232.3,101.7,0.7,0.5,1.5,777.4,12.5,36.3,725.9,2.7
1258,West Uttar Pradesh,2012,14.5,0.1,1.4,4.7,0.3,4.0,145.1,149.1,67.8,0.5,0.1,2.0,389.6,14.5,6.4,366.0,2.7
1259,West Uttar Pradesh,2013,20.4,69.5,3.5,1.6,2.1,190.6,233.9,287.1,52.2,61.2,1.7,8.9,932.8,89.9,7.2,763.8,71.8
1260,West Uttar Pradesh,2014,48.3,29.4,22.6,5.3,11.0,22.0,151.6,81.0,84.7,14.6,0.0,16.3,486.9,77.7,39.0,339.4,30.8
1261,West Uttar Pradesh,2015,31.6,7.2,66.8,21.0,8.1,72.0,194.2,143.5,26.5,6.9,2.0,3.0,582.7,38.8,95.9,436.1,11.9
1262,West Uttar Pradesh,2016,2.1,2.0,10.4,0.5,28.3,60.0,352.5,182.9,44.7,9.6,0.0,0.0,692.8,4.0,39.2,640.1,9.6
1263,West Uttar Pradesh,2017,22.0,1.1,8.5,1.4,13.5,85.1,181.0,129.8,140.7,0.6,0.0,1.6,585.2,23.1,23.4,536.5,2.2
1363,Uttarakhand,2000,29.9,69.4,37.9,18.1,83.3,313.9,420.1,536.1,195.3,1.1,7.0,0.7,1712.9,99.3,139.4,1465.4,8.8
1364,Uttarakhand,2001,22.7,27.9,83.4,48.2,109.1,297.3,493.0,371.7,68.3,6.3,1.4,15.1,1544.4,50.6,240.7,1230.3,22.9
1365,Uttarakhand,2002,53.8,123.2,100.0,76.3,82.3,139.6,205.7,465.4,301.3,19.9,3.0,4.2,1574.7,177.0,258.5,1112.1,27.1
1366,Uttarakhand,2003,40.7,126.0,99.7,54.1,67.1,145.2,515.3,416.2,239.9,1.8,4.8,23.6,1734.3,166.7,220.9,1316.6,30.2
1367,Uttarakhand,2004,58.5,11.7,0.0,51.5,66.0,130.7,400.9,326.3,96.8,70.7,0.8,5.7,1219.6,70.2,117.6,954.7,77.1
1368,Uttarakhand,2005,64.1,83.2,54.2,12.8,52.1,74.0,400.1,249.2,337.9,14.1,2.2,4.3,1348.2,147.3,119.1,1061.3,20.5
1369,Uttarakhand,2006,48.7,9.6,71.7,52.2,120.5,104.2,345.6,294.7,79.1,18.8,6.8,27.0,1178.9,58.3,244.4,823.7,52.6
1370,Uttarakhand,2007,1.7,138.9,123.1,41.1,78.8,139.9,522.9,502.8,325.6,25.1,7.8,16.7,1924.3,140.6,243.0,1491.2,49.6
1371,Uttarakhand,2008,55.6,11.7,18.1,93.0,67.3,332.4,313.3,245.8,190.8,23.1,11.9,0.6,1363.7,67.3,178.4,1082.3,35.7
1372,Uttarakhand,2009,1.8,27.6,18.8,18.4,77.6,41.9,157.5,202.6,206.6,81.3,12.6,0.9,847.8,29.4,114.8,608.7,94.9
1373,Uttarakhand,2010,11.4,62.1,3.8,13.8,47.0,72.7,455.8,335.7,389.7,8.0,4.5,19.5,1424.0,73.6,64.5,1253.9,32.0
1374,Uttarakhand,2011,30.9,65.2,18.0,30.9,84.2,223.1,433.3,523.7,148.4,3.4,1.2,2.3,1564.7,96.1,133.1,1328.5,6.9
1375,Uttarakhand,2012,38.8,11.9,28.1,39.2,9.1,46.0,387.1,419.5,220.6,4.7,3.4,15.5,1223.9,50.8,76.4,1073.1,23.6
1376,Uttarakhand,2013,73.0,188.3,22.0,24.7,18.2,488.9,413.4,359.4,111.3,29.1,3.2,3.8,1735.4,261.3,65.0,1373.0,36.2
1377,Uttarakhand,2014,45.9,99.9,68.4,37.6,52.9,62.9,462.7,264.2,107.9,40.8,0.0,44.3,1287.4,145.8,158.8,897.7,85.1
1378,Uttarakhand,2015,54.5,62.6,127.3,57.3,38.0,186.6,337.0,305.3,52.6,16.8,2.4,7.2,1247.6,117.0,222.6,881.5,26.4
1379,Uttarakhand,2016,5.4,29.3,45.8,9.9,99.3,174.4,508.4,308.5,111.4,12.7,0.0,3.5,1308.6,34.6,155.0,1102.7,16.2
1380,Uttarakhand,2017,36.6,13.5,44.5,52.8,108.2,175.6,460.9,349.0,213.4,2.8,0.2,18.3,1476.0,50.1,205.6,1199.0,21.3
1480,Haryana Delhi & Chandigarh,2000,17.1,29.1,1.4,1.3,22.8,58.9,146.8,87.9,17.5,0.0,0.4,1.2,384.4,46.2,25.6,311.1,1.6
1481,Haryana Delhi & Chandigarh,2001,17.8,5.2,7.2,19.8,47.8,117.2,145.2,103.5,10.3,11.1,0.1,0.2,485.5,23.0,74.8,376.3,11.4
1482,Haryana Delhi & Chandigarh,2002,11.6,31.1,9.0,1.1,52.0,21.2,19.4,78.2,123.0,1.9,0.0,8.8,357.2,42.7,62.1,241.8,10.7
1483,Haryana Delhi & Chandigarh,2003,14.7,29.9,4.0,1.8,7.5,26.6,277.6,165.3,58.9,0.0,0.1,11.0,597.6,44.6,13.3,528.5,11.2
1484,Haryana Delhi & Chandigarh,2004,25.4,0.3,0.0,18.1,40.7,52.5,19.9,252.9,22.1,54.1,0.0,1.2,487.3,25.7,58.8,347.5,55.3
1485,Haryana Delhi & Chandigarh,2005,13.9,35.7,29.9,2.7,7.6,53.9,175.6,52.6,146.7,0.0,0.8,0.0,519.5,49.6,40.3,428.8,0.8
1486,Haryana Delhi & Chandigarh,2006,2.3,0.1,30.4,0.6,24.8,45.4,135.2,32.1,49.9,3.8,1.2,5.2,330.9,2.4,55.7,262.6,10.2
1487,Haryana Delhi & Chandigarh,2007,0.5,76.0,40.1,2.0,12.4,88.7,82.0,87.9,55.2,0.1,0.3,1.4,446.6,76.5,54.6,313.7,1.7
1488,Haryana Delhi & Chandigarh,2008,2.4,0.4,0.6,13.4,72.9,193.5,124.3,174.2,114.5,8.4,5.5,0.2,710.4,2.8,86.9,606.6,14.1
1489,Haryana Delhi & Chandigarh,2009,4.1,5.9,5.7,11.7,17.7,15.2,106.4,63.8,160.8,2.5,1.1,0.4,395.4,10.0,35.2,346.3,4.0
1490,Haryana Delhi & Chandigarh,2010,4.8,10.2,0.5,0.8,5.9,29.1,189.3,198.5,183.9,1.1,3.5,12.8,640.5,15.0,7.2,600.8,17.5
1491,Haryana Delhi & Chandigarh,2011,0.7,26.7,6.9,8.9,28.7,94.4,85.0,127.3,133.1,0.0,0.0,0.4,512.0,27.5,44.4,439.8,0.4
1492,Haryana Delhi & Chandigarh,2012,8.2,0.2,0.1,11.8,3.8,5.3,68.1,196.6,90.7,2.4,0.6,3.5,391.4,8.4,15.8,360.7,6.5
1493,Haryana Delhi & Chandigarh,2013,21.1,52.2,5.3,3.3,1.4,62.1,96.5,161.9,42.8,10.9,1.7,2.1,461.2,73.2,10.0,363.3,14.7
1494,Haryana Delhi & Chandigarh,2014,13.0,17.3,26.8,7.5,20.3,25.9,72.3,34.8,67.3,10.5,0.2,9.6,305.5,30.3,54.6,200.2,20.3
1495,Haryana Delhi & Chandigarh,2015,12.4,6.6,71.8,34.8,8.4,43.7,130.3,89.2,32.1,3.7,2.3,0.2,435.3,18.9,114.9,295.2,6.2
1496,Haryana Delhi & Chandigarh,2016,0.0,1.1,20.7,0.6,26.7,35.8,159.8,133.0,14.8,5.2,0.0,1.0,398.7,1.2,48.1,343.3,6.2
1497,Haryana Delhi & Chandigarh,2017,34.2,0.3,7.2,4.3,10.3,121.2,69.2,76.5,92.5,0.0,1.8,4.2,421.6,34.5,21.8,359.4,6.0
1597,Punjab,2000,25.4,26.6,6.9,1.3,15.3,50.1,164.8,70.0,42.0,0.0,0.7,2.2,405.3,52.0,23.5,326.9,2.9
1598,Punjab,2001,8.0,2.1,6.2,24.5,36.9,93.8,173.9,69.5,19.9,1.5,0.9,3.8,441.0,10.1,67.5,357.1,6.2
1599,Punjab,2002,2.4,6.6,6.8,3.3,20.8,24.7,50.4,58.4,95.0,2.6,0.0,3.7,274.7,9.0,31.0,228.4,6.3
1600,Punjab,2003,10.6,56.4,19.4,3.0,3.9,40.7,136.7,94.7,52.2,0.0,2.2,5.0,424.6,67.0,26.2,324.3,7.1
1601,Punjab,2004,32.4,5.7,0.0,15.5,27.2,48.8,52.1,124.2,8.9,31.2,0.8,5.0,351.7,38.0,42.7,234.0,37.0
1602,Punjab,2005,35.8,60.3,28.6,8.4,5.2,34.6,176.7,95.3,106.7,0.4,0.0,0.0,552.0,96.1,42.2,413.4,0.4
1603,Punjab,2006,15.0,3.7,46.1,1.3,32.1,73.0,220.3,90.8,120.7,24.6,13.4,6.7,647.7,18.7,79.5,504.8,44.7
1604,Punjab,2007,1.2,68.8,48.2,10.0,5.9,64.4,95.1,215.4,73.7,0.6,0.9,10.6,594.8,70.0,64.1,448.6,12.1
1605,Punjab,2008,12.0,4.1,0.0,19.7,40.6,155.5,101.9,312.2,59.8,9.9,0.6,0.9,717.1,16.1,60.3,629.3,11.4
1606,Punjab,2009,9.4,14.4,10.5,14.0,5.6,10.6,158.0,76.8,54.7,4.0,2.7,0.4,361.2,23.9,30.1,300.1,7.1
1607,Punjab,2010,3.8,13.8,1.9,0.7,6.0,41.8,143.8,96.7,112.8,4.7,1.1,24.4,451.5,17.6,8.6,395.1,30.2
1608,Punjab,2011,3.5,35.6,8.2,17.8,18.9,162.9,120.9,193.5,140.2,0.0,1.0,2.6,705.2,39.2,44.9,617.5,3.6
1609,Punjab,2012,62.6,3.2,1.9,31.1,1.6,11.9,120.2,135.1,112.3,2.2,0.4,11.0,493.6,65.8,34.7,379.6,13.6
1610,Punjab,2013,9.3,50.1,11.6,3.4,3.6,120.3,117.9,217.1,24.4,16.2,6.1,6.6,586.6,59.4,18.6,479.7,28.9
1611,Punjab,2014,21.8,20.1,30.3,24.5,20.8,20.6,76.3,41.9,105.8,6.0,0.7,14.1,382.7,41.9,75.5,244.6,20.7
1612,Punjab,2015,17.7,31.3,68.5,29.8,16.7,48.3,130.2,88.6,69.2,9.0,0.8,0.7,510.8,49.0,115.0,336.3,10.5
1613,Punjab,2016,6.5,6.0,34.6,0.8,24.8,52.6,153.1,144.8,17.4,1.9,0.5,1.1,444.0,12.5,60.2,367.9,3.4
1614,Punjab,2017,42.4,3.0,14.5,12.3,12.3,110.8,94.4,122.2,62.7,0.0,5.2,17.7,497.5,45.5,39.1,390.1,22.9
1714,Himachal Pradesh,2000,118.2,119.0,68.1,25.6,79.9,198.0,265.1,126.7,50.1,0.0,10.5,6.9,1068.4,237.2,173.7,640.0,17.5
1715,Himachal Pradesh,2001,30.5,35.7,105.8,66.9,67.3,153.8,239.5,202.3,26.9,5.0,20.8,37.3,991.8,66.2,240.0,622.5,63.1
1716,Himachal Pradesh,2002,66.7,136.5,136.9,124.0,27.0,56.1,81.8,225.6,123.1,8.2,0.7,3.9,990.4,203.2,287.9,486.6,12.8
1717,Himachal Pradesh,2003,39.5,116.6,113.0,52.9,35.9,61.4,187.7,228.7,135.5,0.3,22.5,40.4,1034.5,156.1,201.9,613.3,63.2
1718,Himachal Pradesh,2004,86.2,43.0,5.9,54.7,57.6,76.1,141.3,202.5,47.6,104.7,9.3,49.4,878.5,129.3,118.3,467.5,163.5
1719,Himachal Pradesh,2005,147.8,222.9,143.3,35.2,52.4,52.6,317.2,114.2,156.3,1.8,0.3,4.5,1248.5,370.7,230.9,640.3,6.6
1720,Himachal Pradesh,2006,102.5,38.2,137.3,44.3,68.4,104.8,260.3,274.2,92.8,17.5,26.9,51.2,1218.4,140.7,250.0,732.1,95.6
1721,Himachal Pradesh,2007,1.3,121.0,177.0,9.6,39.3,155.7,155.2,234.3,85.7,18.7,1.0,35.6,1034.5,122.3,225.9,631.0,55.4
1722,Himachal Pradesh,2008,129.9,63.2,6.3,44.4,42.9,187.3,194.9,224.7,142.6,33.9,5.3,38.9,1114.2,193.1,93.6,749.4,78.0
1723,Himachal Pradesh,2009,54.8,45.9,43.4,91.2,53.5,45.5,170.2,162.6,172.1,16.4,93.1,7.8,956.5,100.7,188.2,550.3,117.2
1724,Himachal Pradesh,2010,25.5,96.6,45.1,60.3,81.4,108.5,291.8,274.1,176.7,30.5,10.8,58.1,1259.4,122.1,186.8,851.2,99.4
1725,Himachal Pradesh,2011,43.9,97.4,49.7,62.4,45.1,118.3,177.7,380.2,120.3,6.0,0.3,6.9,1108.3,141.3,157.3,796.6,13.2
1726,Himachal Pradesh,2012,92.3,51.3,28.4,55.9,9.4,31.1,241.5,280.6,133.1,3.1,3.2,21.8,951.6,143.5,93.7,686.3,28.1
1727,Himachal Pradesh,2013,79.9,182.6,76.6,28.9,32.6,233.6,208.8,240.0,65.8,21.8,16.6,24.8,1211.9,262.5,138.1,748.2,63.2
1728,Himachal Pradesh,2014,69.6,124.9,125.2,60.6,68.9,51.7,203.6,146.7,84.6,19.3,4.5,49.3,1008.7,194.5,254.6,486.6,73.0
1729,Himachal Pradesh,2015,67.2,156.6,192.5,84.9,45.0,85.8,249.9,195.9,75.5,17.7,14.5,25.0,1210.5,223.9,322.3,607.2,57.2
1730,Himachal Pradesh,2016,18.7,38.4,114.4,47.5,70.2,101.3,194.0,272.7,56.8,5.3,0.0,2.2,921.5,57.2,232.1,624.8,7.5
1731,Himachal Pradesh,2017,157.6,46.3,57.4,88.0,62.0,123.1,216.1,273.1,103.4,0.3,6.9,48.0,1182.2,204.0,207.3,715.7,55.2
1831,Jammu & Kashmir,2000,159.5,106.6,90.4,30.4,51.1,95.5,193.7,123.6,73.2,1.4,21.0,38.2,984.6,266.2,171.9,485.9,60.6
1832,Jammu & Kashmir,2001,17.4,54.3,81.7,92.8,69.6,121.7,243.9,126.7,53.9,12.7,51.6,26.4,952.7,71.7,244.1,546.3,90.6
1833,Jammu & Kashmir,2002,58.7,101.2,105.5,86.3,33.0,94.2,78.7,217.4,97.9,15.2,0.7,14.6,903.5,159.9,224.8,488.3,30.5
1834,Jammu & Kashmir,2003,26.9,267.2,170.9,117.5,111.3,41.0,136.0,185.5,126.1,13.3,33.7,81.7,1311.1,294.2,399.7,488.5,128.8
1835,Jammu & Kashmir,2004,176.0,70.6,21.2,118.9,87.5,95.2,118.0,77.9,40.5,73.3,23.3,42.4,944.9,246.6,227.6,331.8,138.9
1836,Jammu & Kashmir,2005,296.0,403.5,189.7,64.9,92.0,41.6,440.3,77.7,50.0,14.6,21.8,0.5,1692.7,699.5,346.6,609.7,37.0
1837,Jammu & Kashmir,2006,200.3,92.3,96.8,34.4,43.8,74.3,209.0,331.5,203.0,46.2,72.5,115.8,1519.8,292.5,174.9,817.8,234.5
1838,Jammu & Kashmir,2007,12.3,116.7,259.3,15.0,65.6,143.9,132.4,196.8,33.0,1.6,0.0,47.0,1023.5,129.0,339.8,506.1,48.6
1839,Jammu & Kashmir,2008,153.5,130.8,9.9,97.7,63.3,134.9,266.3,166.0,44.7,42.4,25.2,89.8,1224.5,284.2,170.8,612.0,157.4
1841,Jammu & Kashmir,2010,30.9,142.2,34.9,63.9,128.3,67.4,137.3,253.2,65.0,25.0,13.6,36.1,997.9,173.2,227.1,522.9,74.7
1842,Jammu & Kashmir,2011,43.4,211.6,97.8,89.0,32.4,72.5,81.6,131.2,72.0,19.4,12.9,23.8,887.6,254.9,219.2,357.3,56.1
1843,Jammu & Kashmir,2012,150.9,95.8,45.2,86.6,48.9,32.6,118.8,264.9,106.7,15.7,10.8,57.8,1034.7,246.7,180.7,523.0,84.3
1844,Jammu & Kashmir,2013,52.2,136.4,41.9,47.4,47.4,80.5,125.1,219.1,41.2,34.4,13.4,20.3,859.3,188.6,136.7,465.8,68.1
1845,Jammu & Kashmir,2014,75.8,64.0,153.1,76.1,52.7,25.3,100.5,134.6,362.8,32.2,14.1,2.3,1093.4,139.8,281.9,623.2,48.5
1846,Jammu & Kashmir,2015,27.9,187.2,341.4,173.3,64.6,121.4,233.2,129.2,130.2,87.1,38.1,39.3,1572.8,215.1,579.3,614.0,164.5
1847,Jammu & Kashmir,2016,34.5,44.4,191.4,82.0,58.4,62.9,193.0,181.8,45.1,3.3,0.0,6.1,902.8,78.8,331.8,482.7,9.4
1848,Jammu & Kashmir,2017,255.5,106.4,85.0,156.7,38.5,158.5,180.7,161.4,43.3,0.3,11.3,81.5,1278.9,361.8,280.1,543.9,93.1
1948,West Rajasthan,2000,0.5,0.5,0.3,3.1,4.3,8.2,171.6,39.6,5.7,1.1,0.5,0.0,235.3,1.0,7.7,225.1,1.5
1949,West Rajasthan,2001,0.5,1.1,0.1,9.5,23.8,48.6,122.9,68.7,2.8,7.3,0.0,0.0,285.3,1.5,33.4,243.1,7.3
1950,West Rajasthan,2002,0.3,2.6,1.0,1.4,11.2,26.9,2.4,17.2,20.6,0.1,2.5,6.0,92.4,3.0,13.7,67.2,8.6
1951,West Rajasthan,2003,2.5,21.2,0.8,0.4,1.8,45.2,188.4,93.6,13.9,0.2,0.0,0.1,368.1,23.7,3.0,341.1,0.3
1952,West Rajasthan,2004,2.4,0.0,0.0,4.8,6.0,33.5,26.9,94.3,8.6,18.7,0.0,1.6,196.7,2.4,10.8,163.3,20.3
1953,West Rajasthan,2005,1.4,14.2,8.7,6.3,14.5,29.2,86.1,24.3,75.8,0.0,0.1,0.0,260.8,15.6,29.6,215.4,0.1
1954,West Rajasthan,2006,0.0,0.0,16.9,3.4,8.3,36.9,52.7,203.6,31.3,5.3,0.4,2.5,361.3,0.0,28.6,324.4,8.3
1955,West Rajasthan,2007,0.0,34.9,22.0,2.3,3.8,41.2,90.5,69.4,45.6,0.0,0.1,0.9,310.8,35.0,28.1,246.7,1.0
1956,West Rajasthan,2008,1.6,0.2,0.8,18.2,24.7,56.1,57.1,133.3,23.0,0.4,0.4,8.3,324.1,1.8,43.6,269.5,9.1
1957,West Rajasthan,2009,2.9,2.8,5.3,1.6,7.6,26.1,79.1,27.1,7.5,0.3,0.1,0.1,160.4,5.7,14.5,139.8,0.5
1958,West Rajasthan,2010,1.9,1.7,0.6,0.6,3.0,49.5,129.9,163.4,96.5,0.9,20.1,5.2,473.2,3.6,4.1,439.2,26.2
1959,West Rajasthan,2011,0.0,11.8,1.5,1.5,7.8,24.4,88.5,166.8,116.3,0.1,0.0,0.0,418.7,11.8,10.7,396.1,0.1
1960,West Rajasthan,2012,0.5,0.0,0.0,9.5,10.4,5.3,40.4,166.7,92.0,1.9,0.0,0.6,327.3,0.5,19.9,304.3,2.5
1961,West Rajasthan,2013,8.6,21.8,4.2,3.1,1.7,37.6,104.5,138.2,58.7,10.1,1.0,0.0,389.4,30.4,8.9,339.0,11.1
1962,West Rajasthan,2014,0.8,2.2,4.7,8.4,23.0,13.8,94.3,69.6,84.9,0.5,0.2,0.0,302.4,3.0,36.0,262.6,0.7
1963,West Rajasthan,2015,1.4,0.9,30.3,25.2,15.5,53.2,234.6,60.5,35.7,1.1,0.1,0.0,458.4,2.3,71.0,384.0,1.2
1964,West Rajasthan,2016,0.1,1.6,6.7,0.4,4.0,33.2,80.0,191.9,11.0,18.1,0.0,0.0,347.0,1.7,11.1,316.1,18.1
1965,West Rajasthan,2017,6.0,0.3,4.2,3.3,26.1,81.9,219.7,43.1,21.2,0.0,0.6,1.8,408.3,6.3,33.6,365.9,2.4
2065,East Rajasthan,2000,0.3,0.6,0.4,2.3,21.0,20.2,270.6,95.5,28.7,0.4,0.0,0.1,440.0,0.8,23.7,415.0,0.5
2066,East Rajasthan,2001,0.9,0.1,0.3,6.4,22.9,100.2,271.4,126.4,7.7,9.2,0.0,5.8,551.2,1.0,29.5,505.7,15.0
2067,East Rajasthan,2002,1.6,11.0,0.1,1.2,8.6,71.4,13.5,130.6,41.2,0.8,0.8,4.5,285.3,12.6,9.8,256.8,6.0
2068,East Rajasthan,2003,4.1,21.4,0.5,0.2,3.5,76.6,245.8,178.5,93.6,0.1,0.0,2.3,626.6,25.4,4.2,594.4,2.5
2069,East Rajasthan,2004,2.5,0.0,0.0,2.2,9.3,52.8,105.8,380.9,24.7,27.5,0.4,0.1,606.2,2.5,11.5,564.2,28.0
2070,East Rajasthan,2005,0.4,3.6,5.7,6.2,4.8,55.6,239.0,80.0,172.5,0.0,0.0,0.0,567.9,4.1,16.7,547.1,0.0
2071,East Rajasthan,2006,0.0,0.0,11.9,0.4,13.1,73.8,215.9,341.5,88.9,2.4,0.1,0.5,748.4,0.0,25.4,720.0,3.0
2072,East Rajasthan,2007,0.7,16.8,10.6,1.5,5.5,63.0,223.0,167.9,86.1,0.0,0.0,0.5,575.7,17.5,17.6,540.1,0.5
2073,East Rajasthan,2008,0.1,0.0,0.5,9.0,22.1,160.6,166.1,167.9,112.7,3.0,2.4,0.1,644.6,0.1,31.6,607.3,5.5
2074,East Rajasthan,2009,0.5,0.2,2.4,0.2,5.7,38.9,189.1,113.3,45.5,10.9,7.0,0.5,414.1,0.7,8.4,386.7,18.4
2075,East Rajasthan,2010,1.9,2.4,0.5,0.4,0.7,27.3,196.2,275.9,128.9,0.8,49.5,5.0,689.4,4.3,1.6,628.3,55.2
2076,East Rajasthan,2011,0.0,11.2,0.2,0.5,5.1,140.9,193.6,284.1,166.4,0.0,0.0,0.0,802.1,11.2,5.9,784.9,0.0
2077,East Rajasthan,2012,1.9,0.0,0.0,3.6,9.5,11.2,170.5,365.0,131.3,0.5,0.0,0.1,693.6,1.9,13.1,678.0,0.6
2078,East Rajasthan,2013,1.4,21.7,0.4,3.2,1.0,90.6,319.0,278.5,88.0,30.6,1.3,0.3,836.1,23.1,4.6,776.1,32.2
2079,East Rajasthan,2014,28.4,10.0,6.4,7.3,8.4,23.5,197.1,261.0,136.9,3.2,0.0,1.1,683.3,38.4,22.1,618.4,4.4
2080,East Rajasthan,2015,12.1,0.1,55.9,15.9,3.5,96.4,297.6,142.8,20.1,5.0,0.5,0.8,650.7,12.1,75.3,557.0,6.3
2081,East Rajasthan,2016,0.6,0.4,3.8,0.0,9.5,61.7,326.2,385.6,40.2,32.6,0.0,0.0,860.6,1.0,13.3,813.7,32.6
2082,East Rajasthan,2017,8.4,0.0,5.5,0.7,15.1,89.9,293.3,137.3,46.4,0.0,0.4,3.4,600.3,8.4,21.3,566.9,3.8
2183,West Madhya Pradesh,2001,2.1,0.0,1.1,6.0,16.4,203.6,269.2,198.9,27.5,62.2,0.0,0.0,787.0,2.2,23.5,699.1,62.2
2184,West Madhya Pradesh,2002,0.4,19.7,1.5,1.7,3.9,138.9,46.9,317.7,141.0,5.9,5.9,0.8,684.1,20.1,7.1,644.4,12.6
2185,West Madhya Pradesh,2003,1.1,21.1,0.1,1.0,0.3,128.7,307.5,228.0,254.9,0.9,0.2,2.5,946.4,22.2,1.4,919.2,3.6
2186,West Madhya Pradesh,2004,16.8,0.0,0.0,0.4,4.8,83.7,218.0,421.9,55.7,43.7,2.2,0.8,848.1,16.8,5.3,779.2,46.7
2187,West Madhya Pradesh,2005,13.7,3.1,12.3,6.1,1.9,81.2,345.7,130.5,155.1,1.3,0.0,1.4,752.2,16.8,20.3,712.4,2.7
2188,West Madhya Pradesh,2006,0.0,0.0,44.3,3.3,22.8,74.5,299.0,501.9,198.1,13.7,8.6,3.0,1169.2,0.0,70.4,1073.5,25.2
2189,West Madhya Pradesh,2007,1.7,11.5,2.6,0.6,14.6,99.9,305.6,220.6,138.3,0.0,10.5,0.6,806.5,13.3,17.8,764.3,11.1
2190,West Madhya Pradesh,2008,0.4,0.0,2.5,2.5,3.8,194.2,221.8,205.8,139.7,12.9,7.5,0.0,791.1,0.4,8.8,761.5,20.5
2191,West Madhya Pradesh,2009,5.5,0.0,0.1,1.3,6.5,56.8,320.3,172.7,139.6,89.9,65.1,19.1,877.0,5.5,7.9,689.4,174.1
2192,West Madhya Pradesh,2010,2.2,5.4,0.8,0.1,0.4,62.2,258.5,291.5,136.1,13.6,4.6,0.8,776.3,7.6,1.4,748.3,19.0
2193,West Madhya Pradesh,2011,0.0,1.7,0.1,1.8,3.6,241.5,306.7,343.3,165.0,0.2,0.0,0.0,1063.9,1.7,5.5,1056.5,0.2
2194,West Madhya Pradesh,2012,6.2,0.0,0.0,0.9,3.1,48.2,439.2,341.2,194.3,2.1,0.0,0.0,1035.2,6.2,4.0,1023.0,2.1
2195,West Madhya Pradesh,2013,1.7,31.1,8.5,2.8,0.4,263.7,485.1,432.6,98.9,68.7,0.3,2.4,1396.3,32.8,11.7,1280.4,71.4
2196,West Madhya Pradesh,2014,25.6,34.4,4.6,1.4,1.4,30.6,337.4,211.0,192.6,7.0,3.0,15.8,864.9,60.0,7.5,771.6,25.8
2197,West Madhya Pradesh,2015,40.2,6.4,53.5,13.3,2.0,154.1,428.2,276.6,55.6,11.0,0.3,1.0,1042.3,46.6,68.9,914.5,12.4
2198,West Madhya Pradesh,2016,5.2,0.2,2.4,0.0,10.0,111.1,432.9,394.8,100.8,40.6,0.0,0.0,1098.0,5.3,12.4,1039.6,40.6
2199,West Madhya Pradesh,2017,4.6,1.9,1.5,0.2,6.9,120.0,292.8,173.7,151.4,13.5,0.4,2.0,769.0,6.5,8.5,738.0,16.0
2299,East Madhya Pradesh,2000,0.1,0.0,0.1,0.1,7.4,167.5,377.7,208.2,111.4,1.8,0.0,0.0,874.2,0.1,7.5,864.9,1.8
2300,East Madhya Pradesh,2001,2.3,0.8,2.4,23.0,12.4,255.5,468.4,243.9,50.4,110.0,1.0,0.0,1170.1,3.1,37.7,1018.2,111.0
2301,East Madhya Pradesh,2002,1.8,29.6,1.2,0.2,5.2,93.5,84.7,491.8,192.1,43.1,5.6,1.2,950.2,31.5,6.6,862.2,49.9
2302,East Madhya Pradesh,2003,0.7,59.6,2.2,1.0,0.4,119.9,366.8,370.2,493.3,20.5,0.5,2.9,1438.1,60.3,3.7,1350.2,23.8
2303,East Madhya Pradesh,2004,19.8,0.4,0.0,1.7,3.9,208.1,203.1,369.1,119.9,25.2,4.1,0.0,955.3,20.2,5.7,900.2,29.3
2304,East Madhya Pradesh,2005,35.2,10.6,27.4,3.4,41.7,163.9,597.2,256.6,198.4,27.6,0.0,4.4,1366.4,45.8,72.5,1216.1,32.0
2305,East Madhya Pradesh,2006,0.0,0.0,50.3,14.2,18.0,56.3,373.8,328.3,74.1,13.0,12.3,3.0,943.4,0.0,82.5,832.6,28.4
2306,East Madhya Pradesh,2007,7.0,26.3,8.6,2.9,6.2,74.8,207.8,162.6,130.1,3.1,22.8,1.5,653.8,33.3,17.7,575.3,27.5
2307,East Madhya Pradesh,2008,1.4,4.1,8.9,2.5,5.3,307.6,268.2,270.2,116.1,15.5,3.0,0.4,1003.2,5.5,16.7,962.2,18.9
2308,East Madhya Pradesh,2009,14.8,1.0,1.8,2.7,3.7,35.3,317.6,191.3,208.7,68.9,79.2,19.0,943.9,15.7,8.2,752.8,167.1
2309,East Madhya Pradesh,2010,2.9,10.4,0.1,0.7,1.7,58.4,363.3,271.9,213.4,23.6,10.9,3.3,960.4,13.2,2.4,907.0,37.8
2310,East Madhya Pradesh,2011,0.6,1.9,0.3,7.1,4.7,332.5,323.6,326.9,276.5,1.1,0.0,0.0,1275.2,2.5,12.1,1259.4,1.1
2311,East Madhya Pradesh,2012,39.4,0.7,0.6,1.1,1.2,67.8,398.9,351.7,172.6,12.7,3.8,2.7,1053.1,40.0,2.9,990.9,19.2
2312,East Madhya Pradesh,2013,2.0,43.4,14.1,9.5,0.3,311.9,456.2,480.8,78.0,124.2,0.5,1.0,1521.9,45.4,23.9,1326.9,125.7
2313,East Madhya Pradesh,2014,32.1,49.7,17.8,5.1,2.5,91.8,283.4,231.8,139.6,56.4,1.9,12.9,924.9,81.8,25.3,746.6,71.2
2314,East Madhya Pradesh,2015,37.3,11.0,73.4,25.8,6.3,139.2,262.2,272.1,71.6,38.2,1.2,0.9,939.2,48.3,105.5,745.1,40.3
2315,East Madhya Pradesh,2016,20.2,2.1,17.6,0.1,17.9,99.0,552.2,462.3,139.6,29.0,0.0,0.0,1340.0,22.3,35.6,1253.1,29.0
2316,East Madhya Pradesh,2017,4.6,6.7,2.0,0.0,11.4,119.0,353.8,179.1,144.0,18.8,0.7,0.0,840.1,11.3,13.4,795.8,19.5
2416,Gujarat Region,2000,0.0,0.1,0.0,0.0,36.1,62.9,301.1,133.0,13.5,0.2,0.0,3.6,550.6,0.1,36.1,510.6,3.9
2417,Gujarat Region,2001,6.1,0.0,0.0,0.2,2.1,216.9,320.0,256.8,17.8,28.9,0.2,0.0,849.0,6.1,2.3,811.5,29.0
2418,Gujarat Region,2002,4.1,0.0,0.1,0.0,0.0,234.2,45.8,238.5,113.7,0.6,0.1,0.1,637.2,4.1,0.1,632.2,0.8
2419,Gujarat Region,2003,0.0,6.1,0.1,0.0,0.0,209.3,518.7,314.6,109.5,1.9,0.0,0.0,1160.3,6.1,0.1,1152.2,1.9
2420,Gujarat Region,2004,0.0,0.0,0.0,0.0,4.4,135.5,238.2,553.7,51.8,22.2,0.0,0.0,1005.8,0.0,4.4,979.1,22.3
2421,Gujarat Region,2005,0.0,0.0,0.0,0.0,0.3,367.3,378.7,229.4,339.2,1.4,0.0,0.0,1316.4,0.0,0.3,1314.7,1.4
2422,Gujarat Region,2006,0.0,0.0,0.8,0.0,0.2,123.5,576.0,624.8,140.6,9.2,2.9,0.0,1478.0,0.0,1.1,1464.9,12.1
2423,Gujarat Region,2007,0.1,0.4,0.0,0.0,0.3,94.0,567.8,345.6,169.4,0.0,1.4,0.0,1178.9,0.5,0.3,1176.7,1.4
2424,Gujarat Region,2008,0.0,0.0,0.0,3.1,0.1,58.2,261.9,369.5,204.3,11.6,0.1,2.3,911.1,0.0,3.3,893.9,14.0
2425,Gujarat Region,2009,0.0,0.0,0.3,0.0,0.0,17.0,390.3,143.5,54.9,27.4,8.1,0.0,641.6,0.0,0.3,605.7,35.5
2426,Gujarat Region,2010,0.2,0.0,0.0,0.0,0.0,59.3,328.2,431.0,216.6,12.2,41.0,0.2,1088.7,0.2,0.0,1035.0,53.4
2427,Gujarat Region,2011,0.0,0.2,0.0,0.0,0.0,16.3,259.2,451.7,162.5,0.4,0.0,0.0,890.5,0.2,0.0,889.8,0.4
2428,Gujarat Region,2012,0.1,0.0,0.0,0.0,0.0,34.4,178.2,230.3,263.8,7.1,0.0,0.0,714.0,0.1,0.0,706.7,7.1
2429,Gujarat Region,2013,0.0,0.9,0.1,4.6,0.0,155.7,405.4,211.1,287.3,53.2,0.1,0.0,1118.6,0.9,4.7,1059.6,53.3
2430,Gujarat Region,2014,5.7,0.1,0.2,1.0,1.3,11.6,307.5,138.6,235.1,3.3,1.3,0.0,705.7,5.8,2.5,692.8,4.6
2431,Gujarat Region,2015,1.8,0.0,6.1,5.5,0.9,120.7,354.7,37.4,93.4,2.2,0.3,0.0,622.9,1.8,12.5,606.1,2.6
2432,Gujarat Region,2016,0.0,0.0,0.6,0.0,0.4,31.8,255.8,303.9,105.3,66.9,0.0,0.0,764.9,0.0,1.0,696.9,66.9
2433,Gujarat Region,2017,0.0,0.0,0.0,0.0,0.2,137.7,613.1,179.7,67.2,15.5,0.0,11.0,1024.4,0.0,0.2,997.7,26.6
2533,Saurashtra & Kutch,2000,0.0,0.0,0.0,0.0,2.9,5.4,224.7,46.2,4.5,2.2,0.0,0.1,286.1,0.0,2.9,280.9,2.3
2534,Saurashtra & Kutch,2001,0.0,0.0,0.0,0.2,0.9,172.9,191.1,116.9,20.6,7.6,0.0,0.0,510.2,0.0,1.0,501.5,7.6
2535,Saurashtra & Kutch,2002,0.0,0.0,0.0,0.0,0.0,166.4,8.0,117.5,15.1,0.2,0.2,0.6,308.1,0.0,0.0,307.0,1.0
2536,Saurashtra & Kutch,2003,0.0,0.4,0.0,0.0,0.0,68.2,402.2,190.7,21.7,3.0,0.0,0.0,686.2,0.4,0.0,682.7,3.0
2537,Saurashtra & Kutch,2004,0.2,0.0,0.0,0.0,13.6,95.0,90.0,227.7,36.1,19.7,0.0,0.0,482.2,0.2,13.6,448.6,19.8
2538,Saurashtra & Kutch,2005,0.0,0.0,0.0,0.2,0.2,201.2,126.7,68.4,233.1,1.7,0.0,0.0,631.6,0.0,0.4,629.4,1.7
2539,Saurashtra & Kutch,2006,0.0,0.0,1.9,0.0,0.0,66.2,373.4,189.8,68.2,1.4,0.3,0.6,701.8,0.0,1.9,697.7,2.3
2540,Saurashtra & Kutch,2007,0.0,1.9,0.1,0.0,0.2,114.1,209.2,405.4,157.0,1.7,1.2,0.0,890.7,1.9,0.3,885.7,2.8
2541,Saurashtra & Kutch,2008,0.1,0.1,0.1,0.5,0.0,96.0,150.3,115.1,231.6,5.8,0.6,7.7,607.9,0.2,0.6,593.0,14.1
2542,Saurashtra & Kutch,2009,0.0,0.0,0.0,0.0,0.0,68.1,409.1,106.0,8.8,3.3,1.5,0.0,596.9,0.0,0.1,592.0,4.9
2543,Saurashtra & Kutch,2010,0.1,0.0,0.0,0.0,0.1,71.1,393.8,391.3,187.6,11.6,64.3,0.0,1119.9,0.1,0.1,1043.7,75.9
2544,Saurashtra & Kutch,2011,0.0,1.4,0.0,0.0,0.0,26.0,212.7,290.9,210.1,1.2,0.1,0.0,742.5,1.4,0.0,739.8,1.3
2545,Saurashtra & Kutch,2012,0.0,0.0,0.0,0.2,0.1,22.4,34.7,34.5,228.5,2.4,0.0,1.0,323.8,0.0,0.2,320.1,3.4
2546,Saurashtra & Kutch,2013,1.7,0.2,0.1,8.5,0.1,127.7,171.2,83.3,260.2,28.6,0.0,0.0,681.8,1.9,8.7,642.5,28.6
2547,Saurashtra & Kutch,2014,0.3,0.0,0.1,0.5,2.1,17.3,137.7,118.8,99.2,5.2,2.7,0.0,383.9,0.3,2.7,373.0,7.8
2548,Saurashtra & Kutch,2015,0.9,0.0,4.4,2.1,0.8,112.6,226.7,10.6,79.9,3.3,0.3,0.0,441.7,0.9,7.4,429.8,3.6
2549,Saurashtra & Kutch,2016,0.0,0.0,0.3,0.0,1.1,31.3,110.0,216.0,59.6,64.7,0.0,0.0,482.9,0.0,1.3,416.9,64.7
2550,Saurashtra & Kutch,2017,0.1,0.0,0.0,0.0,0.1,81.8,368.6,153.5,41.8,4.8,0.0,1.3,652.1,0.1,0.1,645.8,6.1
2650,Konkan & Goa,2000,1.2,0.0,0.0,0.9,190.3,739.4,1200.4,789.5,111.9,91.8,1.6,6.2,3133.2,1.2,191.2,2841.2,99.7
2651,Konkan & Goa,2001,5.6,0.0,0.0,2.8,59.6,540.1,873.4,611.3,207.9,91.6,3.1,0.0,2395.4,5.6,62.4,2232.7,94.7
2652,Konkan & Goa,2002,0.0,0.0,0.1,2.8,9.4,942.0,452.8,834.5,217.1,75.3,3.0,0.3,2537.2,0.0,12.3,2446.4,78.6
2653,Konkan & Goa,2003,0.5,0.6,0.8,1.2,11.2,865.3,1013.9,593.7,298.7,54.4,1.9,0.0,2842.3,1.2,13.2,2771.6,56.3
2654,Konkan & Goa,2004,0.0,0.0,0.0,10.4,46.9,678.6,902.3,1011.5,293.3,32.9,10.2,0.0,2985.9,0.0,57.2,2885.5,43.1
2655,Konkan & Goa,2005,1.3,0.1,1.9,4.0,9.8,730.2,1340.9,772.2,678.8,76.5,0.0,0.1,3615.7,1.4,15.6,3522.2,76.6
2656,Konkan & Goa,2006,0.0,0.0,9.9,0.0,211.8,683.1,1066.2,886.4,399.9,202.4,22.5,0.0,3482.2,0.0,221.7,3035.6,224.9
2657,Konkan & Goa,2007,0.0,0.0,0.1,3.3,33.4,939.3,841.3,980.2,609.0,45.6,16.0,0.1,3468.5,0.0,36.9,3369.9,61.7
2658,Konkan & Goa,2008,0.0,0.1,31.5,0.3,11.1,798.5,766.6,833.1,551.2,57.3,0.9,2.4,3053.1,0.1,43.0,2949.3,60.6
2659,Konkan & Goa,2009,0.0,0.0,0.3,0.1,5.6,330.6,1271.2,292.9,387.5,307.4,121.0,0.0,2716.6,0.0,5.9,2282.2,428.5
2660,Konkan & Goa,2010,2.7,0.0,0.0,1.5,8.2,680.8,1405.3,850.0,531.3,190.2,106.7,1.4,3778.1,2.7,9.7,3467.4,298.3
2661,Konkan & Goa,2011,0.0,0.0,0.0,3.4,1.1,857.0,1384.1,987.9,468.3,120.3,3.1,0.0,3825.2,0.0,4.5,3697.3,123.5
2662,Konkan & Goa,2012,0.0,0.0,0.0,0.6,1.1,633.0,928.5,762.5,515.3,175.1,2.3,0.0,3018.4,0.0,1.7,2839.3,177.4
2663,Konkan & Goa,2013,1.8,5.4,0.1,0.1,18.5,1028.3,1478.5,497.6,340.7,149.3,2.1,1.5,3524.0,7.3,18.7,3345.2,152.8
2664,Konkan & Goa,2014,1.3,5.3,1.8,0.7,21.3,238.2,1293.2,658.0,419.5,98.7,8.0,11.7,2757.5,6.6,23.8,2608.8,118.4
2665,Konkan & Goa,2015,2.7,0.0,36.8,3.6,11.3,764.0,526.5,377.3,240.9,91.4,27.3,0.0,2082.0,2.7,51.7,1908.7,118.8
2666,Konkan & Goa,2016,0.0,0.1,2.0,0.3,2.1,806.5,1327.3,817.0,600.2,106.3,2.0,0.1,3663.9,0.1,4.4,3551.0,108.5
2667,Konkan & Goa,2017,0.0,0.0,0.0,0.0,47.0,840.4,1095.3,731.2,546.9,156.9,0.7,25.0,3443.4,0.0,47.0,3213.8,182.6
2767,Madhya Maharashtra,2000,0.4,1.1,0.2,1.7,18.5,173.0,198.7,159.6,87.0,56.5,2.7,2.1,701.6,1.5,20.5,618.2,61.3
2768,Madhya Maharashtra,2001,4.4,0.0,0.3,4.7,8.4,157.9,179.3,160.9,137.3,125.5,5.7,0.5,785.1,4.4,13.5,635.4,131.8
2769,Madhya Maharashtra,2002,1.7,3.1,1.0,13.0,14.4,251.9,95.6,221.5,95.8,36.3,5.9,0.0,740.3,4.9,28.3,664.7,42.3
2770,Madhya Maharashtra,2003,0.8,2.2,1.5,5.7,15.1,210.8,208.7,178.4,116.2,29.5,3.5,0.1,772.6,3.0,22.3,714.2,33.1
2771,Madhya Maharashtra,2004,0.1,0.1,0.0,4.7,49.0,215.9,174.2,354.1,181.2,42.1,8.0,0.1,1029.5,0.2,53.7,925.5,50.2
2772,Madhya Maharashtra,2005,3.6,0.4,1.6,11.1,7.8,240.5,361.2,256.1,276.4,62.7,0.0,0.0,1221.3,4.0,20.5,1134.2,62.7
2773,Madhya Maharashtra,2006,0.0,0.0,7.1,0.2,42.3,205.3,416.4,421.7,217.0,60.1,25.5,0.0,1395.7,0.0,49.7,1260.4,85.6
2774,Madhya Maharashtra,2007,1.3,0.4,0.0,2.1,5.5,266.9,293.5,274.2,189.2,3.4,3.9,0.0,1040.4,1.7,7.6,1023.7,7.3
2775,Madhya Maharashtra,2008,0.0,0.0,18.1,0.6,1.1,107.9,157.9,257.6,312.4,56.6,3.7,0.9,916.9,0.0,19.9,835.9,61.1
2776,Madhya Maharashtra,2009,0.0,1.7,0.8,0.4,7.7,68.9,329.8,148.2,162.6,96.2,121.3,4.3,941.7,1.7,8.9,709.4,221.8
2777,Madhya Maharashtra,2010,2.9,0.1,0.9,2.3,5.4,185.6,280.9,233.2,165.6,77.1,73.4,0.2,1027.5,3.0,8.6,865.3,150.6
2778,Madhya Maharashtra,2011,0.0,0.3,0.3,5.0,2.9,133.3,261.4,238.1,148.4,62.8,0.0,0.0,852.6,0.3,8.2,781.3,62.8
2779,Madhya Maharashtra,2012,0.0,0.0,0.0,3.0,1.4,67.9,203.0,187.8,129.5,95.2,2.2,0.0,689.8,0.0,4.4,588.1,97.3
2780,Madhya Maharashtra,2013,0.1,5.3,0.8,5.7,6.0,212.4,311.8,147.0,210.3,57.8,4.0,1.3,962.4,5.3,12.4,881.5,63.1
2781,Madhya Maharashtra,2014,3.1,6.2,24.4,7.5,29.8,44.0,277.9,240.3,120.4,38.5,32.8,13.1,838.0,9.3,61.7,682.6,84.4
2782,Madhya Maharashtra,2015,1.4,0.8,41.2,9.6,24.4,177.0,111.7,67.2,146.6,48.3,16.2,0.1,644.5,2.2,75.3,502.5,64.5
2783,Madhya Maharashtra,2016,0.0,0.7,7.1,1.4,7.7,100.7,319.6,232.7,171.9,62.4,1.1,0.9,906.3,0.7,16.2,824.9,64.4
2784,Madhya Maharashtra,2017,0.0,0.0,0.4,0.8,18.0,189.2,280.9,192.0,190.1,112.8,5.0,5.1,994.4,0.0,19.2,852.3,122.9
2884,Matathwada,2000,0.4,3.8,0.5,0.4,16.3,188.3,157.3,239.5,44.8,30.8,0.7,1.7,684.4,4.2,17.2,629.9,33.2
2885,Matathwada,2001,4.8,0.5,0.5,9.9,0.7,148.7,56.7,255.8,83.5,170.5,0.8,0.0,732.4,5.3,11.2,544.6,171.3
2886,Matathwada,2002,5.5,4.1,0.7,6.1,8.5,241.8,58.2,223.6,122.4,46.4,4.8,0.0,722.1,9.6,15.3,646.0,51.3
2887,Matathwada,2003,2.1,1.3,2.3,4.9,28.5,117.6,255.9,183.9,95.7,22.1,4.9,0.8,720.1,3.4,35.7,653.1,27.8
2888,Matathwada,2004,1.2,0.4,5.5,1.9,30.4,100.0,201.7,75.0,177.2,58.1,27.2,0.0,678.7,1.7,37.8,553.9,85.3
2889,Matathwada,2005,13.2,0.7,11.6,1.6,2.1,59.7,413.5,124.1,213.5,100.5,0.0,0.0,940.5,13.8,15.3,810.9,100.5
2890,Matathwada,2006,0.0,0.0,30.7,1.6,26.7,134.7,116.2,301.3,209.4,47.7,4.6,0.0,872.9,0.0,59.1,761.5,52.3
2891,Matathwada,2007,0.0,0.0,0.1,0.7,10.0,185.4,123.1,146.2,240.7,0.9,7.5,0.0,714.6,0.0,10.8,695.3,8.5
2892,Matathwada,2008,0.1,0.1,14.6,3.7,1.8,66.7,106.5,150.8,267.8,33.8,0.3,0.1,646.3,0.1,20.2,591.7,34.2
2893,Matathwada,2009,0.0,0.0,0.6,0.8,7.0,63.1,139.2,167.6,159.9,59.0,63.3,8.4,668.9,0.0,8.4,529.8,130.7
2894,Matathwada,2010,4.3,5.8,3.9,0.7,4.6,119.7,329.5,291.4,157.3,57.7,36.8,0.0,1011.6,10.0,9.2,897.8,94.5
2895,Matathwada,2011,0.0,3.8,0.7,3.5,3.1,79.2,230.1,228.5,90.0,24.8,0.0,0.0,663.5,3.8,7.3,627.7,24.8
2896,Matathwada,2012,0.0,0.0,0.0,0.6,2.3,72.2,161.1,101.4,120.0,68.8,0.3,0.0,526.7,0.0,2.9,454.7,69.1
2897,Matathwada,2013,1.5,9.4,2.6,7.9,6.4,160.9,293.4,136.9,154.1,94.3,7.4,13.1,888.0,10.9,16.9,745.3,114.8
2898,Matathwada,2014,1.4,13.4,79.0,11.9,7.0,30.4,105.0,178.9,84.5,14.2,19.9,3.3,548.9,14.8,97.9,398.8,37.4
2899,Matathwada,2015,10.1,1.6,32.0,39.6,12.3,118.3,27.4,112.2,154.3,19.5,4.8,0.0,532.2,11.7,83.8,412.4,24.3
2900,Matathwada,2016,0.0,3.1,10.8,3.0,6.3,157.3,276.1,89.2,302.3,100.8,0.0,0.2,949.0,3.1,20.1,824.8,100.9
2901,Matathwada,2017,0.0,0.0,4.7,0.0,3.3,182.3,82.5,230.4,146.9,100.4,2.4,2.7,755.6,0.0,8.1,642.1,105.4
3001,Vidarbha,2000,0.1,16.4,0.1,0.1,28.8,235.9,472.1,286.2,54.0,11.0,0.0,0.5,1105.2,16.4,29.0,1048.2,11.5
3002,Vidarbha,2001,8.9,0.1,15.2,18.3,7.9,338.6,202.0,359.8,37.4,129.2,4.7,0.0,1122.1,9.0,41.4,937.8,134.0
3003,Vidarbha,2002,2.4,4.0,1.1,2.9,8.2,301.1,88.1,352.5,128.6,35.2,1.9,0.1,925.8,6.3,12.1,870.3,37.1
3004,Vidarbha,2003,0.0,4.4,3.6,2.7,3.0,140.2,401.0,280.9,138.0,42.6,0.8,1.3,1018.6,4.4,9.3,960.1,44.7
3005,Vidarbha,2004,10.3,5.5,0.6,3.5,12.2,137.9,217.7,223.1,86.3,27.7,6.9,0.2,731.9,15.8,16.3,665.0,34.8
3006,Vidarbha,2005,74.9,7.0,7.2,1.9,2.6,144.4,393.2,249.2,246.8,87.2,0.0,0.2,1214.6,81.8,11.7,1033.7,87.4
3007,Vidarbha,2006,0.0,0.0,50.6,16.2,20.9,115.0,360.8,421.4,175.8,43.7,11.1,0.0,1215.6,0.0,87.7,1073.0,54.8
3008,Vidarbha,2007,0.1,1.3,1.4,3.2,1.2,256.7,349.1,282.4,241.8,27.3,2.5,0.0,1167.0,1.4,5.8,1130.0,29.8
3009,Vidarbha,2008,0.2,1.9,19.2,2.8,2.9,137.9,261.5,254.0,160.8,22.4,2.9,0.1,866.6,2.1,24.9,814.2,25.4
3010,Vidarbha,2009,0.1,0.0,0.9,2.4,5.9,78.1,310.8,175.4,90.3,41.9,63.8,1.2,770.8,0.1,9.2,654.6,106.9
3011,Vidarbha,2010,14.0,1.9,7.5,0.3,1.9,144.8,454.5,384.0,238.0,51.0,37.0,3.2,1338.1,15.9,9.6,1221.2,91.3
3012,Vidarbha,2011,0.0,1.2,0.1,7.7,0.6,137.9,247.1,302.8,191.0,4.7,0.0,0.0,893.2,1.2,8.4,878.8,4.7
3013,Vidarbha,2012,3.1,0.1,0.0,0.6,0.2,125.5,370.5,316.2,249.4,34.9,7.3,0.0,1107.7,3.2,0.8,1061.5,42.2
3014,Vidarbha,2013,6.6,13.0,3.8,2.8,0.5,366.7,535.5,326.1,131.7,133.5,0.0,0.0,1520.0,19.6,7.0,1360.0,133.5
3015,Vidarbha,2014,1.2,18.3,49.6,2.6,4.0,63.3,337.6,191.7,224.9,17.3,6.2,2.3,919.1,19.5,56.3,817.5,25.8
3016,Vidarbha,2015,26.3,4.7,66.3,28.1,12.8,254.6,137.2,288.9,167.5,7.0,0.0,0.2,993.8,31.1,107.2,848.2,7.3
3017,Vidarbha,2016,0.7,5.2,20.1,5.1,12.4,165.5,490.2,161.8,227.8,75.0,0.0,0.0,1163.8,5.9,37.5,1045.4,75.0
3018,Vidarbha,2017,0.2,0.0,6.1,0.0,7.3,147.8,252.2,198.3,133.3,57.5,0.3,0.0,803.0,0.2,13.4,731.5,57.9
3118,Chhattisgarh,2000,2.6,0.0,0.6,1.5,9.3,180.7,322.4,215.6,169.1,4.3,0.2,0.1,906.3,2.6,11.4,887.8,4.6
3119,Chhattisgarh,2001,0.8,0.3,14.6,17.6,16.6,339.4,630.6,380.3,108.4,86.9,4.6,0.0,1600.1,1.1,48.7,1458.8,91.6
3120,Chhattisgarh,2002,41.5,4.9,12.2,3.3,32.1,196.3,138.4,352.4,122.3,57.8,13.3,15.9,990.2,46.4,47.5,809.3,86.9
3121,Chhattisgarh,2003,3.7,17.7,12.1,2.6,0.7,128.7,446.6,519.7,384.1,157.6,5.8,14.9,1694.3,21.4,15.5,1479.1,178.2
3122,Chhattisgarh,2004,37.8,16.7,3.1,21.2,6.8,213.1,323.1,351.7,126.5,43.9,0.7,0.1,1144.5,54.5,31.1,1014.3,44.6
3123,Chhattisgarh,2005,57.6,15.6,6.1,6.5,16.4,197.0,393.8,267.7,240.5,83.5,1.6,1.0,1287.2,73.2,29.0,1099.0,86.1
3124,Chhattisgarh,2006,2.7,0.0,26.2,17.2,23.5,92.2,495.1,447.2,184.6,13.3,15.1,0.7,1317.7,2.7,66.8,1219.0,29.1
3125,Chhattisgarh,2007,0.0,15.7,6.2,11.4,10.4,259.4,309.9,338.8,259.1,67.8,2.0,0.5,1281.2,15.7,28.0,1167.2,70.3
3126,Chhattisgarh,2008,6.7,9.7,22.2,11.2,9.5,236.4,280.5,305.1,215.4,10.7,1.2,0.0,1108.5,16.4,42.9,1037.4,11.8
3127,Chhattisgarh,2009,1.2,0.0,2.3,1.9,11.2,45.3,455.0,247.1,104.7,43.6,42.5,1.9,956.6,1.2,15.4,852.0,88.0
3128,Chhattisgarh,2010,7.9,4.9,1.0,5.9,12.6,102.6,426.8,340.3,302.5,54.3,20.2,27.6,1306.6,12.8,19.4,1172.2,102.1
3129,Chhattisgarh,2011,0.3,11.5,2.6,35.0,16.8,183.5,272.6,379.8,382.2,15.5,0.0,2.8,1302.7,11.8,54.4,1218.2,18.3
3130,Chhattisgarh,2012,36.6,4.8,1.1,14.9,9.4,147.3,430.6,442.2,245.3,19.8,20.4,5.0,1377.4,41.5,25.4,1265.4,45.1
3131,Chhattisgarh,2013,2.8,19.7,4.9,45.8,5.7,263.6,418.8,336.6,140.9,180.9,0.3,0.0,1420.0,22.5,56.4,1159.9,181.2
3132,Chhattisgarh,2014,2.3,29.0,21.4,17.3,25.0,104.9,416.7,327.7,252.7,77.9,2.6,1.1,1278.7,31.3,63.7,1102.1,81.6
3133,Chhattisgarh,2015,15.8,1.2,21.2,37.0,13.0,257.6,248.6,286.6,216.9,17.7,0.6,1.5,1117.6,17.0,71.2,1009.7,19.7
3134,Chhattisgarh,2016,6.1,3.6,24.5,4.4,19.6,164.2,361.0,357.1,295.6,79.8,0.0,0.0,1315.8,9.8,48.5,1177.8,79.8
3135,Chhattisgarh,2017,0.9,0.7,3.5,0.8,15.6,184.8,378.3,300.4,177.7,61.6,0.2,0.0,1124.4,1.6,19.8,1041.2,61.8
3235,Coastal Andhra Pradesh,2000,0.1,42.4,0.7,19.1,68.4,200.5,154.1,311.5,102.9,69.6,10.6,12.4,992.3,42.5,88.3,768.9,92.6
3236,Coastal Andhra Pradesh,2001,4.6,3.8,20.0,54.1,50.8,117.2,123.0,170.7,187.2,196.0,78.0,4.1,1009.3,8.4,124.8,598.1,278.0
3237,Coastal Andhra Pradesh,2002,28.0,0.0,7.3,34.8,35.0,115.2,74.7,173.5,71.7,148.7,14.3,0.0,703.2,28.0,77.1,435.0,163.0
3238,Coastal Andhra Pradesh,2003,6.2,19.4,40.7,19.4,12.2,104.0,241.7,158.3,130.2,252.3,11.5,101.1,1096.8,25.6,72.3,634.1,364.9
3239,Coastal Andhra Pradesh,2004,24.0,11.4,11.6,40.1,57.6,152.8,192.1,125.0,101.7,147.9,9.4,0.2,873.6,35.3,109.3,571.5,157.5
3240,Coastal Andhra Pradesh,2005,13.6,8.0,17.4,32.2,48.4,88.1,151.5,105.9,398.1,298.0,56.2,4.2,1221.6,21.6,98.0,743.6,358.4
3241,Coastal Andhra Pradesh,2006,0.0,0.0,30.7,58.0,67.6,132.0,126.8,279.7,224.1,185.4,55.3,0.0,1159.6,0.0,156.3,762.6,240.7
3242,Coastal Andhra Pradesh,2007,0.0,5.1,0.1,8.5,13.0,300.1,141.0,164.4,287.1,167.7,11.9,0.5,1099.2,5.1,21.6,892.5,180.0
3243,Coastal Andhra Pradesh,2008,3.2,61.6,93.8,18.5,34.9,119.8,208.5,276.2,166.8,51.6,71.4,1.2,1107.5,64.8,147.1,771.4,124.2
3244,Coastal Andhra Pradesh,2009,0.0,0.0,5.7,6.4,53.0,72.6,140.9,163.5,151.9,92.6,102.6,1.3,790.5,0.0,65.1,528.8,196.5
3245,Coastal Andhra Pradesh,2010,21.8,2.3,4.4,14.8,162.0,156.1,318.9,248.6,230.5,204.0,210.9,138.2,1712.4,24.1,181.2,954.0,553.1
3246,Coastal Andhra Pradesh,2011,0.0,17.9,0.9,62.3,67.9,86.8,196.0,215.8,129.7,74.6,4.9,5.0,861.9,17.9,131.2,628.4,84.4
3247,Coastal Andhra Pradesh,2012,37.6,0.0,2.7,24.0,39.3,95.4,221.9,221.2,246.5,140.0,289.7,0.0,1318.4,37.6,66.1,785.0,429.7
3248,Coastal Andhra Pradesh,2013,2.0,29.6,0.2,48.0,28.2,127.5,162.4,123.1,132.0,411.5,53.1,2.8,1120.5,31.7,76.4,545.0,467.4
3249,Coastal Andhra Pradesh,2014,0.4,1.2,9.1,6.0,112.9,45.7,151.8,177.8,144.5,195.6,23.7,6.4,874.9,1.5,128.0,519.7,225.7
3250,Coastal Andhra Pradesh,2015,2.0,0.6,5.5,32.3,34.1,283.8,116.0,192.0,201.8,59.7,81.2,2.0,1010.9,2.5,71.9,793.6,142.8
3251,Coastal Andhra Pradesh,2016,1.6,0.9,3.6,3.0,120.8,189.1,131.5,124.4,224.4,59.7,13.1,36.9,908.9,2.5,127.4,669.4,109.7
3252,Coastal Andhra Pradesh,2017,1.0,0.0,12.4,8.8,30.8,149.6,153.2,224.2,141.8,123.0,46.7,1.2,892.7,1.0,52.0,668.8,170.9
3352,Telangana,2000,0.6,16.8,1.0,16.3,48.8,253.2,220.9,420.5,70.7,20.2,6.4,2.5,1078.0,17.5,66.1,965.3,29.1
3353,Telangana,2001,8.5,0.0,21.5,37.3,7.5,183.9,123.8,266.8,119.9,135.6,17.4,0.0,922.3,8.5,66.4,694.3,153.1
3354,Telangana,2002,18.8,10.1,7.6,7.7,32.0,143.2,91.7,321.7,52.4,76.2,3.9,0.0,765.3,28.9,47.3,609.0,80.1
3355,Telangana,2003,0.0,10.7,21.9,14.0,7.9,112.6,312.2,266.5,103.2,101.7,7.3,5.3,963.2,10.7,43.8,794.5,114.2
3356,Telangana,2004,34.4,17.9,9.3,25.9,34.6,64.6,216.7,117.7,110.1,30.6,5.3,0.0,667.0,52.2,69.8,509.1,35.9
3357,Telangana,2005,43.4,14.1,14.6,23.8,19.7,115.1,400.3,126.9,246.3,136.1,3.9,18.8,1163.1,57.5,58.2,888.5,158.8
3358,Telangana,2006,0.0,0.0,42.7,38.6,46.1,104.8,169.5,308.2,280.2,28.1,34.7,0.0,1053.0,0.0,127.5,862.7,62.8
3359,Telangana,2007,0.0,0.0,0.1,0.1,9.2,176.6,134.6,206.6,262.3,40.8,13.0,0.0,843.3,0.0,9.4,780.2,53.8
3360,Telangana,2008,0.2,18.6,108.6,15.7,4.9,132.9,183.4,391.8,146.7,24.2,7.5,0.8,1035.3,18.8,129.3,854.8,32.5
3361,Telangana,2009,0.0,0.0,2.1,4.5,13.1,85.8,118.4,192.3,149.7,69.5,29.6,1.2,666.3,0.0,19.8,546.2,100.3
3362,Telangana,2010,10.3,5.3,1.5,5.6,24.9,127.0,395.5,308.1,249.8,98.7,40.5,9.3,1276.4,15.5,32.0,1080.4,148.5
3363,Telangana,2011,0.0,11.9,2.6,25.6,9.3,83.9,268.2,225.9,107.6,13.9,4.2,0.0,753.1,11.9,37.4,685.6,18.1
3364,Telangana,2012,6.7,0.0,0.2,14.0,8.4,124.4,300.3,229.9,202.4,83.6,38.7,0.0,1008.6,6.7,22.6,857.0,122.3
3365,Telangana,2013,2.4,29.0,0.2,24.4,8.5,213.4,453.8,230.6,161.4,205.9,16.4,2.7,1348.7,31.4,33.0,1059.2,225.0
3366,Telangana,2014,0.2,2.9,58.3,10.3,73.3,62.3,146.0,205.2,146.8,29.6,10.8,0.7,746.4,3.1,141.9,560.2,41.0
3367,Telangana,2015,17.5,0.0,43.0,65.7,23.3,266.9,104.4,160.5,158.3,15.6,0.3,1.7,857.3,17.5,132.0,690.1,17.6
3368,Telangana,2016,1.2,0.2,11.5,4.3,55.1,194.0,235.8,133.7,336.3,70.4,0.5,0.4,1043.4,1.4,70.9,899.8,71.3
3369,Telangana,2017,0.0,0.0,8.7,3.2,22.4,202.2,143.2,204.2,115.3,114.6,1.9,0.0,815.7,0.0,34.3,664.9,116.4
3469,Rayalseema,2000,0.0,34.3,0.2,22.1,73.8,92.7,94.7,241.5,102.9,134.7,37.7,36.7,871.3,34.3,96.1,531.8,209.1
3470,Rayalseema,2001,7.7,0.0,6.5,68.2,24.5,24.0,70.1,95.8,195.5,352.5,41.7,38.1,924.5,7.7,99.2,385.4,432.3
3471,Rayalseema,2002,25.6,3.2,7.7,17.5,55.0,90.8,42.9,69.8,78.2,167.5,44.2,12.9,615.2,28.8,80.2,281.6,224.6
3472,Rayalseema,2003,0.0,1.3,26.1,15.0,4.1,57.4,183.4,116.4,124.9,175.5,11.7,9.6,725.5,1.3,45.2,482.2,196.8
3473,Rayalseema,2004,10.2,4.3,12.9,35.1,149.7,39.8,122.9,23.1,153.7,124.4,65.6,0.0,741.7,14.5,197.7,339.5,190.1
3474,Rayalseema,2005,1.3,13.6,14.7,38.5,48.4,51.2,133.2,106.6,127.6,304.8,144.8,81.7,1066.4,14.9,101.6,418.6,531.2
3475,Rayalseema,2006,0.2,0.0,32.8,9.7,62.7,85.8,43.2,72.0,144.7,88.4,78.6,20.0,638.1,0.2,105.2,345.7,187.0
3476,Rayalseema,2007,0.0,0.5,0.1,6.0,15.1,208.2,83.8,186.9,186.0,176.9,35.3,81.8,980.6,0.5,21.2,665.0,294.0
3477,Rayalseema,2008,6.4,18.7,62.9,4.1,42.1,31.7,81.4,104.9,121.7,126.0,192.1,5.9,798.0,25.1,109.1,339.8,323.9
3478,Rayalseema,2009,0.5,0.0,5.3,8.4,47.4,68.9,33.2,128.5,155.8,69.3,135.6,35.4,688.2,0.5,61.1,386.4,240.3
3479,Rayalseema,2010,4.7,0.8,0.6,13.0,65.4,108.3,187.6,155.0,122.9,83.4,175.1,46.7,963.5,5.5,79.0,573.8,305.2
3480,Rayalseema,2011,0.8,12.1,0.0,34.6,33.0,44.5,128.9,163.6,71.2,107.5,106.9,35.1,738.0,12.8,67.6,408.2,249.4
3481,Rayalseema,2012,2.7,0.0,2.5,32.7,38.8,47.0,139.7,120.0,69.5,113.7,86.6,61.9,715.0,2.7,74.0,376.2,262.1
3482,Rayalseema,2013,1.3,30.6,11.5,26.8,38.9,73.8,95.7,110.3,163.2,169.3,38.6,2.6,762.6,31.9,77.3,443.0,210.5
3483,Rayalseema,2014,0.2,0.7,12.5,5.1,46.7,66.3,68.7,115.1,81.4,104.6,37.8,12.8,551.8,0.9,64.2,331.5,155.2
3484,Rayalseema,2015,1.9,0.0,13.4,73.4,39.7,73.0,43.1,123.6,136.3,106.7,383.8,52.2,1047.1,1.9,126.4,376.0,542.8
3485,Rayalseema,2016,7.9,0.0,0.8,0.4,80.5,128.6,131.0,41.5,90.8,14.1,5.4,54.4,555.4,7.9,81.7,391.9,73.9
3486,Rayalseema,2017,3.9,0.0,12.8,8.8,39.9,88.9,52.2,171.6,194.6,221.1,33.3,7.4,834.5,3.9,61.5,507.2,261.8
3586,Tamil Nadu,2000,30.3,74.5,9.4,41.6,54.7,52.2,45.8,136.1,169.8,120.3,148.6,88.9,972.0,104.7,105.6,403.9,357.8
3587,Tamil Nadu,2001,21.8,10.9,13.0,93.8,45.0,39.9,37.2,18.7,53.8,69.5,52.3,27.6,483.4,32.7,151.8,149.5,149.3
3588,Tamil Nadu,2002,2.9,22.1,3.9,9.2,32.6,23.7,11.8,26.5,32.2,93.7,47.2,12.2,318.0,25.0,45.7,94.2,153.1
3589,Tamil Nadu,2003,0.3,4.1,18.0,17.1,19.8,22.5,38.7,49.3,26.1,86.0,59.5,7.1,348.5,4.4,54.8,136.6,152.6
3590,Tamil Nadu,2004,2.8,0.7,3.0,16.2,101.1,21.2,98.6,85.1,208.3,271.1,204.5,25.0,1037.6,3.5,120.3,413.2,500.6
3591,Tamil Nadu,2005,4.1,11.1,24.4,128.0,80.6,35.7,87.9,93.3,117.9,280.5,353.4,148.5,1365.3,15.2,233.0,334.8,782.3
3592,Tamil Nadu,2006,15.3,0.2,52.4,32.6,65.2,57.2,33.6,73.4,116.3,240.4,215.1,26.1,927.9,15.5,150.2,280.6,481.6
3593,Tamil Nadu,2007,7.2,7.5,1.8,58.0,44.9,73.1,101.0,136.5,89.1,248.9,79.2,219.9,1067.2,14.7,104.7,399.7,548.0
3594,Tamil Nadu,2008,11.7,29.1,164.7,31.5,53.7,51.1,73.1,126.5,70.7,242.7,298.5,50.1,1203.4,40.8,250.0,321.5,591.2
3595,Tamil Nadu,2009,7.9,0.0,41.0,41.4,74.8,27.0,42.1,96.9,114.4,62.1,314.7,106.2,928.5,7.9,157.2,280.4,482.9
3596,Tamil Nadu,2010,11.8,0.2,1.9,22.9,91.9,70.0,81.4,102.9,111.1,148.1,328.6,124.5,1095.2,11.9,116.7,365.4,601.2
3597,Tamil Nadu,2011,4.3,11.2,8.0,91.5,33.4,56.0,45.5,128.9,76.0,200.4,230.5,41.0,926.5,15.5,132.8,306.4,471.8
3598,Tamil Nadu,2012,3.0,0.1,2.5,35.5,41.9,30.1,46.5,98.0,84.9,235.2,44.5,14.0,636.1,3.1,79.9,259.5,293.6
3599,Tamil Nadu,2013,3.9,30.9,30.0,20.3,42.0,54.6,42.7,110.7,113.5,127.9,112.3,53.2,741.9,34.8,92.2,321.5,293.4
3600,Tamil Nadu,2014,7.4,6.1,8.1,8.3,139.1,47.8,50.6,117.7,98.9,252.2,110.8,66.0,913.0,13.4,155.5,315.1,428.9
3601,Tamil Nadu,2015,8.3,2.3,21.7,108.8,112.4,62.4,43.5,81.6,98.4,132.6,379.8,152.8,1204.6,10.6,242.8,285.9,665.3
3602,Tamil Nadu,2016,2.5,0.8,3.1,6.3,102.5,63.0,86.8,55.1,49.0,65.8,33.8,66.5,535.0,3.3,111.9,253.9,166.0
3603,Tamil Nadu,2017,37.3,1.1,35.4,17.3,73.5,47.9,42.0,159.4,165.3,155.5,141.5,96.8,973.0,38.4,126.1,414.6,393.9
3703,Coastal Karnataka,2000,14.9,0.5,0.9,25.8,216.4,966.8,915.6,741.7,279.2,174.7,12.5,2.4,3351.3,15.5,243.0,2903.3,189.6
3704,Coastal Karnataka,2001,0.6,0.4,0.4,71.4,156.9,930.0,926.9,654.4,151.8,169.7,48.6,0.6,3111.6,1.0,228.7,2663.1,218.9
3705,Coastal Karnataka,2002,0.6,11.2,0.5,30.9,164.0,764.5,545.7,731.3,163.5,360.0,20.7,0.3,2793.1,11.8,195.3,2205.0,381.0
3706,Coastal Karnataka,2003,0.1,3.6,8.4,37.3,10.2,973.8,970.6,637.5,236.0,183.7,10.7,0.0,3071.9,3.8,55.9,2817.9,194.4
3707,Coastal Karnataka,2004,0.0,0.0,6.3,24.7,329.2,805.8,718.1,874.5,154.4,104.7,52.1,0.0,3070.0,0.1,360.3,2552.8,156.8
3708,Coastal Karnataka,2005,0.5,0.2,0.0,72.5,45.0,821.6,1177.3,692.0,456.2,178.7,24.6,2.3,3470.9,0.6,117.5,3147.2,205.6
3709,Coastal Karnataka,2006,1.0,0.0,4.7,5.9,355.7,800.1,1100.8,855.6,404.1,212.0,97.4,0.0,3837.3,1.0,366.3,3160.6,309.4
3710,Coastal Karnataka,2007,0.0,0.0,0.6,40.2,61.1,952.0,1004.4,980.4,630.5,152.8,37.5,0.8,3860.2,0.0,101.9,3567.2,191.1
3711,Coastal Karnataka,2008,0.0,14.8,161.4,33.4,64.3,850.7,687.8,886.3,383.3,91.6,19.3,13.5,3206.4,14.8,259.0,2808.1,124.4
3712,Coastal Karnataka,2009,0.4,0.0,35.2,24.5,100.7,450.3,1778.9,486.1,530.7,287.4,132.4,35.4,3862.0,0.4,160.4,3246.0,455.2
3713,Coastal Karnataka,2010,14.4,0.4,3.5,62.2,80.2,682.7,1200.2,637.5,468.4,294.7,231.5,11.0,3686.8,14.8,145.9,2988.9,537.2
3714,Coastal Karnataka,2011,4.8,3.8,8.7,66.1,49.3,1018.4,1080.5,861.3,545.2,178.8,81.5,10.2,3908.6,8.6,124.1,3505.4,270.5
3716,Coastal Karnataka,2013,2.4,19.6,19.0,28.5,100.4,1153.0,1515.3,680.2,379.1,265.1,56.9,10.0,4229.4,21.9,147.9,3727.6,332.0
3717,Coastal Karnataka,2014,0.0,0.3,1.9,40.5,181.9,507.0,1155.4,1121.0,379.3,226.4,40.0,30.8,3684.4,0.3,224.3,3162.6,297.2
3718,Coastal Karnataka,2015,1.4,1.0,32.3,72.2,150.3,735.3,930.9,575.2,260.3,208.5,124.2,14.3,3106.0,2.4,254.8,2501.8,347.1
3719,Coastal Karnataka,2016,0.5,0.0,0.2,3.8,94.3,963.1,763.1,471.3,225.9,77.4,14.4,5.7,2619.7,0.5,98.3,2423.5,97.5
3720,Coastal Karnataka,2017,1.1,0.0,2.5,9.5,129.0,831.4,820.1,625.2,316.5,185.7,19.4,7.2,2947.6,1.1,141.0,2593.2,212.3
3820,North Interior Karnataka,2000,0.4,2.6,0.1,8.4,49.0,107.5,127.1,164.6,134.4,115.1,2.8,0.5,712.4,3.0,57.4,533.6,118.3
3821,North Interior Karnataka,2001,2.1,0.0,0.1,22.1,13.3,60.9,62.1,108.8,187.1,137.5,2.5,1.4,598.0,2.1,35.5,418.9,141.4
3822,North Interior Karnataka,2002,3.8,7.9,0.3,14.7,40.6,108.2,54.7,118.2,52.2,126.4,3.4,0.0,530.5,11.7,55.6,333.4,129.9
3823,North Interior Karnataka,2003,0.3,1.5,15.2,24.9,3.5,66.9,94.4,104.0,64.3,92.1,4.2,2.2,473.5,1.8,43.6,329.7,98.4
3824,North Interior Karnataka,2004,2.6,2.7,1.6,29.9,93.8,106.1,111.7,92.8,134.6,61.6,4.3,0.2,641.9,5.3,125.3,445.2,66.1
3825,North Interior Karnataka,2005,5.8,0.8,5.5,52.5,34.5,98.7,219.4,123.3,159.7,102.3,5.0,0.1,807.5,6.6,92.6,601.0,107.4
3826,North Interior Karnataka,2006,0.0,0.0,16.8,12.1,79.0,130.2,113.9,89.1,136.8,43.6,29.0,0.0,650.6,0.0,107.9,470.0,72.6
3827,North Interior Karnataka,2007,11.7,6.8,7.7,27.0,38.9,215.5,117.2,143.4,205.4,40.5,13.5,9.2,836.9,18.5,73.7,681.5,63.2
3828,North Interior Karnataka,2008,0.4,9.2,109.2,22.8,29.2,71.6,80.6,147.7,152.5,54.1,29.8,5.3,712.4,9.6,161.3,452.3,89.2
3829,North Interior Karnataka,2009,0.3,0.0,9.9,17.4,63.1,112.0,134.9,135.4,215.6,168.6,42.3,13.9,913.5,0.3,90.4,597.9,224.9
3830,North Interior Karnataka,2010,9.6,2.5,0.5,15.5,39.5,110.1,193.5,207.5,119.2,82.1,71.9,1.2,853.2,12.1,55.6,630.4,155.2
3831,North Interior Karnataka,2011,0.5,7.2,7.2,41.2,46.8,101.3,150.8,152.0,69.0,73.4,5.7,0.0,655.2,7.7,95.2,473.1,79.2
3832,North Interior Karnataka,2012,28.5,6.2,0.4,35.4,19.5,60.0,114.5,105.5,79.2,85.2,46.5,2.9,583.8,34.7,55.3,359.3,134.5
3833,North Interior Karnataka,2013,1.2,6.1,3.0,25.4,47.4,99.4,160.7,73.9,201.0,101.0,4.2,0.1,723.2,7.3,75.7,534.9,105.2
3834,North Interior Karnataka,2014,0.0,6.1,29.2,26.4,93.0,50.4,136.8,205.2,90.2,80.3,25.0,14.1,756.8,6.1,148.7,482.5,119.5
3835,North Interior Karnataka,2015,2.4,0.0,27.5,50.8,45.3,89.6,38.5,78.4,150.8,61.2,5.7,1.7,551.9,2.4,123.6,357.2,68.6
3836,North Interior Karnataka,2016,0.3,0.4,6.1,11.0,50.0,136.8,162.6,70.0,155.0,28.7,3.1,1.0,625.0,0.7,67.2,524.3,32.8
3837,North Interior Karnataka,2017,0.0,0.0,10.7,9.9,44.8,131.3,76.8,105.8,206.6,147.9,4.9,0.9,739.6,0.0,65.5,520.5,153.7
3937,South Interior Karnataka,2000,1.4,15.5,0.3,46.3,59.3,167.5,200.5,300.6,183.5,206.2,14.1,12.1,1207.2,16.9,105.9,852.1,232.3
3938,South Interior Karnataka,2001,0.5,1.1,1.7,90.6,30.4,127.2,168.2,152.0,189.9,122.7,40.0,2.1,926.3,1.6,122.7,637.2,164.8
3939,South Interior Karnataka,2002,2.0,11.4,2.3,20.6,77.2,131.9,92.6,155.1,74.9,168.4,18.8,0.6,755.8,13.4,100.0,454.5,187.8
3940,South Interior Karnataka,2003,0.1,4.2,20.1,36.4,9.6,118.2,162.5,152.2,51.9,192.4,11.5,3.6,762.8,4.3,66.1,484.9,207.4
3941,South Interior Karnataka,2004,9.1,12.8,16.4,62.2,180.2,196.6,191.7,211.1,117.5,101.5,24.0,10.4,1133.4,21.9,258.7,716.8,136.0
3942,South Interior Karnataka,2005,7.2,3.9,3.2,76.0,74.7,138.7,333.5,233.2,145.5,241.8,56.3,5.3,1319.3,11.1,153.8,851.0,303.5
3943,South Interior Karnataka,2006,0.2,0.1,35.4,24.7,127.1,183.7,226.7,172.9,112.0,61.7,84.9,1.1,1030.5,0.3,187.2,695.3,147.7
3944,South Interior Karnataka,2007,0.1,0.3,0.9,39.8,76.7,216.7,267.2,245.5,198.5,152.5,18.2,14.6,1231.0,0.4,117.5,927.9,185.3
3945,South Interior Karnataka,2008,0.8,20.7,108.9,24.9,66.3,149.8,203.4,269.8,141.4,117.1,32.3,5.2,1140.6,21.5,200.1,764.4,154.6
3946,South Interior Karnataka,2009,0.1,0.1,27.3,25.4,101.3,101.6,324.7,153.2,247.9,98.2,55.7,22.9,1158.4,0.2,153.9,827.5,176.8
3947,South Interior Karnataka,2010,7.9,1.7,5.6,71.1,94.9,129.1,235.1,228.1,150.7,129.6,183.5,2.5,1239.7,9.5,171.6,743.1,315.5
3948,South Interior Karnataka,2011,2.1,12.4,12.4,80.2,83.5,177.1,202.4,199.5,111.2,144.8,56.7,5.0,1087.4,14.5,176.1,690.2,206.5
3949,South Interior Karnataka,2012,4.6,5.5,8.1,99.0,45.6,81.8,144.7,236.5,100.6,62.8,82.6,6.2,877.8,10.1,152.6,563.5,151.6
3950,South Interior Karnataka,2013,0.5,10.1,11.7,34.6,95.6,176.2,307.4,151.7,191.8,103.7,24.9,2.4,1110.7,10.6,142.0,827.1,131.0
3951,South Interior Karnataka,2014,0.4,2.4,17.7,46.7,130.5,106.8,271.6,254.6,161.6,152.9,20.2,18.7,1184.2,2.8,195.0,794.5,191.8
3952,South Interior Karnataka,2015,1.7,0.2,24.4,80.5,125.3,218.7,112.0,136.6,164.5,106.1,138.1,4.4,1112.5,1.9,230.2,631.8,248.6
3953,South Interior Karnataka,2016,3.6,0.4,3.2,8.8,92.0,172.2,196.5,85.9,62.8,21.9,9.1,31.0,687.3,4.0,103.9,517.4,61.9
3954,South Interior Karnataka,2017,5.0,0.0,16.8,34.1,140.9,107.6,125.9,181.4,250.3,178.3,13.8,7.7,1061.7,5.0,191.8,665.2,199.8
4054,Kerala,2000,11.7,57.8,21.5,96.3,124.5,633.8,343.2,566.5,195.8,214.2,78.1,69.1,2412.6,69.5,242.3,1739.4,361.5
4055,Kerala,2001,16.5,28.3,7.0,238.0,238.6,715.3,598.5,361.3,216.8,319.6,181.0,10.1,2931.1,44.7,483.7,1892.0,510.7
4056,Kerala,2002,4.7,8.7,35.7,117.3,330.8,503.1,318.7,438.2,99.0,511.7,137.5,2.1,2507.4,13.3,483.7,1359.0,651.3
4057,Kerala,2003,0.7,50.9,82.1,134.4,91.0,566.7,532.0,350.3,93.6,407.0,76.4,9.7,2394.9,51.6,307.5,1542.6,493.1
4058,Kerala,2004,2.4,8.1,37.9,113.2,610.9,673.4,385.4,417.9,192.8,320.6,120.7,2.7,2886.1,10.5,762.0,1669.5,444.0
4059,Kerala,2005,19.8,7.0,25.3,205.9,134.8,619.2,832.7,291.0,414.7,240.1,184.3,56.4,3031.1,26.8,366.0,2157.6,480.7
4060,Kerala,2006,8.1,0.5,90.7,65.3,521.2,482.4,804.0,432.6,474.8,376.4,162.8,1.8,3420.6,8.6,677.2,2193.8,541.0
4061,Kerala,2007,0.5,5.6,7.3,138.5,192.7,705.9,966.3,489.6,526.7,357.2,87.4,11.9,3489.6,6.1,338.4,2688.5,456.5
4062,Kerala,2008,0.8,30.3,217.2,108.4,81.2,469.9,505.1,349.0,347.0,343.4,55.4,17.0,2524.5,31.1,406.7,1670.9,415.7
4063,Kerala,2009,3.3,1.5,62.6,69.0,191.6,438.2,924.9,269.3,326.5,205.2,274.4,44.2,2810.6,4.8,323.1,1958.9,523.8
4064,Kerala,2010,18.6,1.0,31.4,138.9,190.6,667.5,629.0,356.0,275.6,441.4,335.1,46.8,3131.8,19.6,360.9,1928.0,823.3
4065,Kerala,2011,20.5,45.7,24.1,165.2,124.2,788.5,536.8,492.7,391.2,227.2,169.7,49.5,3035.1,66.2,313.5,2209.1,446.3
4066,Kerala,2012,7.4,11.0,21.0,171.1,95.3,430.3,362.6,501.6,241.1,187.5,112.9,9.4,2151.1,18.3,287.4,1535.6,309.8
4067,Kerala,2013,3.9,40.1,49.9,49.3,119.3,1042.7,830.2,369.7,318.6,259.9,154.9,17.0,3255.4,43.9,218.5,2561.2,431.8
4068,Kerala,2014,4.6,10.3,17.9,95.7,251.0,454.4,677.8,733.9,298.8,355.5,99.5,47.2,3046.4,14.9,364.5,2164.8,502.1
4069,Kerala,2015,3.1,5.8,50.1,214.1,201.8,563.6,406.0,252.2,292.9,308.1,223.6,79.4,2600.6,8.9,465.9,1514.7,611.1
4070,Kerala,2016,3.0,16.4,22.4,33.3,258.4,595.7,441.5,231.0,84.1,105.1,57.9,22.0,1870.9,19.3,314.2,1352.3,185.0
4071,Kerala,2017,12.7,0.3,87.8,52.8,213.3,579.8,378.5,462.6,435.5,228.0,152.1,61.4,2664.9,13.0,353.9,1856.5,441.5
4170,Lakshadweep,2000,83.3,18.9,3.4,47.9,204.6,225.4,95.5,319.9,164.5,141.4,56.3,11.0,1372.1,102.2,255.9,805.3,208.7
4171,Lakshadweep,2001,4.4,20.4,0.0,104.6,187.3,283.9,198.9,144.3,213.5,105.2,101.5,16.6,1380.6,24.8,291.9,840.6,223.3
4172,Lakshadweep,2002,10.8,16.8,7.2,23.4,189.8,261.8,81.3,143.9,50.0,178.2,52.9,17.4,1033.5,27.6,220.4,537.0,248.5
4173,Lakshadweep,2003,11.8,18.2,28.5,18.1,109.6,364.5,400.6,92.1,84.3,191.6,206.1,7.5,1532.9,30.0,156.2,941.5,405.2
4174,Lakshadweep,2004,7.2,1.5,1.9,7.7,330.2,251.2,280.8,169.5,200.0,193.4,107.6,2.2,1553.2,8.7,339.8,901.5,303.2
4175,Lakshadweep,2005,17.6,11.1,0.0,37.0,92.8,248.5,378.9,102.4,278.0,164.2,218.3,26.6,1575.4,28.7,129.8,1007.8,409.1
4176,Lakshadweep,2006,20.1,0.0,33.0,0.3,327.9,286.9,172.3,150.7,318.5,119.1,158.9,10.9,1598.6,20.1,361.2,928.4,288.9
4177,Lakshadweep,2007,2.5,4.2,0.2,22.2,166.2,573.4,427.4,294.7,457.5,256.1,47.6,109.6,2361.6,6.7,188.6,1753.0,413.3
4178,Lakshadweep,2008,5.5,19.8,120.7,15.8,180.4,254.6,363.9,206.6,108.9,252.9,67.6,130.1,1726.8,25.3,316.9,934.0,450.6
4179,Lakshadweep,2009,4.7,1.5,0.1,18.1,162.1,401.2,266.4,185.0,145.1,87.4,166.2,132.3,1570.1,6.2,180.3,997.7,385.9
4180,Lakshadweep,2010,18.8,0.0,1.2,35.6,79.0,318.9,336.7,335.1,161.5,155.4,201.5,81.5,1725.2,18.8,115.8,1152.2,438.4
4181,Lakshadweep,2011,5.1,2.8,3.1,85.9,107.2,153.6,350.2,254.0,255.2,117.4,184.3,14.9,1533.7,7.9,196.2,1013.0,316.6
4182,Lakshadweep,2012,19.2,0.1,1.6,76.8,21.2,327.0,231.5,381.2,179.8,145.9,12.4,8.8,1405.5,19.3,99.6,1119.5,167.1
4183,Lakshadweep,2013,26.2,34.4,37.5,5.3,88.3,426.2,296.4,154.4,180.0,72.8,78.1,26.7,1426.3,60.6,131.1,1057.0,177.6
4184,Lakshadweep,2014,53.2,16.1,4.4,14.9,57.4,244.1,116.1,466.1,132.2,169.2,59.0,62.3,1395.0,69.3,76.7,958.5,290.5
4185,Lakshadweep,2015,2.2,0.5,3.7,87.1,133.1,296.6,257.5,146.4,160.4,165.4,231.0,159.0,1642.9,2.7,223.9,860.9,555.4
4186,Lakshadweep,2016,59.6,12.1,3.2,2.6,77.4,321.1,262.6,86.2,75.6,58.6,32.0,74.7,1065.7,71.7,83.2,745.4,165.4
4187,Lakshadweep,2017,21.3,0.9,100.2,1.8,145.7,521.9,164.2,206.2,216.0,137.1,63.5,160.1,1738.9,22.2,247.8,1108.3,360.7
